--
-- File generated with SQLiteStudio v3.1.1 on dom jul 22 14:51:47 2018
--
-- Text encoding used: UTF-8
--
PRAGMA foreign_keys = off;
BEGIN TRANSACTION;

-- Table: contagem
DROP TABLE IF EXISTS contagem;
CREATE TABLE contagem (idcontagem INTEGER PRIMARY KEY AUTOINCREMENT, loja TEXT (15) REFERENCES loja (cnpj) ON UPDATE CASCADE NOT NULL, datainicio DATE NOT NULL, datafinal DATE);

-- Table: contagem_produto
DROP TABLE IF EXISTS contagem_produto;
CREATE TABLE contagem_produto (id INTEGER PRIMARY KEY AUTOINCREMENT, contagem INTEGER REFERENCES contagem ON DELETE CASCADE, produto INTEGER REFERENCES produto (cod_barra) ON DELETE CASCADE, quant INTEGER DEFAULT 0);

-- Table: fornecedor
DROP TABLE IF EXISTS fornecedor;
CREATE TABLE fornecedor (id INTEGER PRIMARY KEY AUTOINCREMENT, cnpj TEXT NOT NULL UNIQUE, nome TEXT NOT NULL UNIQUE);
INSERT INTO fornecedor (id, cnpj, nome) VALUES (1, '20150008000141', 'AMITAF');
INSERT INTO fornecedor (id, cnpj, nome) VALUES (2, '00692547000103', 'T A MAGALHÃES - MARIANA');
INSERT INTO fornecedor (id, cnpj, nome) VALUES (3, '04271439000100', 'D''LANNAY');
INSERT INTO fornecedor (id, cnpj, nome) VALUES (4, '11673901000160', 'DELMAR');
INSERT INTO fornecedor (id, cnpj, nome) VALUES (5, '12434748000181', 'FINO CORPO');
INSERT INTO fornecedor (id, cnpj, nome) VALUES (6, '11816911000108', 'CINDERELLY');
INSERT INTO fornecedor (id, cnpj, nome) VALUES (7, '08496741000117', 'VIVI VARIEDADES');
INSERT INTO fornecedor (id, cnpj, nome) VALUES (8, '03760973000117', 'CHIC E ATREVIDA - JURAIA');
INSERT INTO fornecedor (id, cnpj, nome) VALUES (9, '10989463000181', 'HEISIG LINGERIE');
INSERT INTO fornecedor (id, cnpj, nome) VALUES (10, '22760549000117', 'ALAGUA - MODA PRAIA');
INSERT INTO fornecedor (id, cnpj, nome) VALUES (11, '07899288000127', 'SONHO');
INSERT INTO fornecedor (id, cnpj, nome) VALUES (12, '0000000000000', 'VANDA MODA ÍNTIMA');
INSERT INTO fornecedor (id, cnpj, nome) VALUES (13, '13839708000182', 'LIDUÍNA FREITAS');
INSERT INTO fornecedor (id, cnpj, nome) VALUES (14, '12691498000165', 'ECLIPSE LINGERIE');
INSERT INTO fornecedor (id, cnpj, nome) VALUES (15, '01323940000346', 'NEEDFEEL');
INSERT INTO fornecedor (id, cnpj, nome) VALUES (16, '03336014000179', 'PATY');
INSERT INTO fornecedor (id, cnpj, nome) VALUES (17, '00209980000137', 'LIDIELY LINGERIE');
INSERT INTO fornecedor (id, cnpj, nome) VALUES (18, '21040632000169', 'MANÁ MODA ÍNTIMA');
INSERT INTO fornecedor (id, cnpj, nome) VALUES (19, '03892308000187', 'LOVE SECRET');
INSERT INTO fornecedor (id, cnpj, nome) VALUES (20, '03062776000124', 'DLINY');
INSERT INTO fornecedor (id, cnpj, nome) VALUES (21, '000000', 'DWANYS');
INSERT INTO fornecedor (id, cnpj, nome) VALUES (22, '13231850000142', 'LAPIEL');
INSERT INTO fornecedor (id, cnpj, nome) VALUES (23, '0000', 'ROSSET');
INSERT INTO fornecedor (id, cnpj, nome) VALUES (24, '00000', 'THAYS  E THAMIRES');
INSERT INTO fornecedor (id, cnpj, nome) VALUES (25, '000000000', 'GÊNESIS');
INSERT INTO fornecedor (id, cnpj, nome) VALUES (26, '041961930000159', 'VENTUNO');
INSERT INTO fornecedor (id, cnpj, nome) VALUES (27, '12087759000132', 'ARLINDA MODA ÍNTIMA');
INSERT INTO fornecedor (id, cnpj, nome) VALUES (28, '08269448000117', 'ZHOMEM');
INSERT INTO fornecedor (id, cnpj, nome) VALUES (29, '41303843000144', 'THALY MODA ÍNTIMA');
INSERT INTO fornecedor (id, cnpj, nome) VALUES (30, '07282422000227', 'CNEE - SAÍDA COM MANGA');
INSERT INTO fornecedor (id, cnpj, nome) VALUES (31, '12488429000159', 'AREIA DO MAR');
INSERT INTO fornecedor (id, cnpj, nome) VALUES (32, '06073260000173', 'KINWAY - NG DE ARAÚJO');
INSERT INTO fornecedor (id, cnpj, nome) VALUES (33, '22662223000157', 'SENSUALIZE');
INSERT INTO fornecedor (id, cnpj, nome) VALUES (34, '000000000000000', 'ENCANTO DA SEREIA');
INSERT INTO fornecedor (id, cnpj, nome) VALUES (35, '10399098000155', 'FLOR DÁLIA');
INSERT INTO fornecedor (id, cnpj, nome) VALUES (36, '24649342000103', 'DMIMUS');
INSERT INTO fornecedor (id, cnpj, nome) VALUES (37, '07809257000138', 'SUBELLA');
INSERT INTO fornecedor (id, cnpj, nome) VALUES (38, '13008983000154', 'FIO RETO LINGERIE');

-- Table: loja
DROP TABLE IF EXISTS loja;
CREATE TABLE loja (cnpj TEXT (15) PRIMARY KEY, nome TEXT NOT NULL UNIQUE);
INSERT INTO loja (cnpj, nome) VALUES ('17361873000122', 'JOÃO PAULO 1');
INSERT INTO loja (cnpj, nome) VALUES ('13938943000101', 'JOÃO PAULO 2');
INSERT INTO loja (cnpj, nome) VALUES ('17361873000203', 'CIDADE OPERÁRIA');
INSERT INTO loja (cnpj, nome) VALUES ('13938943000292', 'CENTRO');
INSERT INTO loja (cnpj, nome) VALUES ('20970327000284', 'COHAB 1');
INSERT INTO loja (cnpj, nome) VALUES ('20970327000101', 'COHAB 2');

-- Table: produto
DROP TABLE IF EXISTS produto;
CREATE TABLE produto (cod_barra TEXT PRIMARY KEY NOT NULL, fornecedor INTEGER REFERENCES fornecedor (id) ON DELETE SET NULL, descricao TEXT NOT NULL, preco DOUBLE NOT NULL);
INSERT INTO produto (cod_barra, fornecedor, descricao, preco) VALUES ('0002', NULL, 'CALCINHA INF PROMOÇÃO', 3);
INSERT INTO produto (cod_barra, fornecedor, descricao, preco) VALUES ('0003', NULL, 'CUECA INF PROMOÇÃO', 4);
INSERT INTO produto (cod_barra, fornecedor, descricao, preco) VALUES ('0004', NULL, 'CALCINHA PROMOÇÃO', 5);
INSERT INTO produto (cod_barra, fornecedor, descricao, preco) VALUES ('0005', NULL, 'SUTIÃ PROMOÇÃO 10 REAIS', 10);
INSERT INTO produto (cod_barra, fornecedor, descricao, preco) VALUES ('0006', NULL, 'MODELADOR PROMOÇÃO', 45);
INSERT INTO produto (cod_barra, fornecedor, descricao, preco) VALUES ('0007', NULL, 'SUTIÃ PROMOÇÃO 15 REAIS', 15);
INSERT INTO produto (cod_barra, fornecedor, descricao, preco) VALUES ('0008', NULL, 'MAIÔ PROMOÇÃO 30 REAIS', 30);
INSERT INTO produto (cod_barra, fornecedor, descricao, preco) VALUES ('0009', NULL, 'MODELADOR PROMOÇÃO 20 REAIS', 20);
INSERT INTO produto (cod_barra, fornecedor, descricao, preco) VALUES ('0010', NULL, 'BIQUINI INF PROMOÇÃO 10 REAIS', 10);
INSERT INTO produto (cod_barra, fornecedor, descricao, preco) VALUES ('0011', NULL, 'CALÇA DE SENHORA PROMOÇÃO 15 REIAS', 15);
INSERT INTO produto (cod_barra, fornecedor, descricao, preco) VALUES ('0050', NULL, 'SHORT VAMP 0078', 14);
INSERT INTO produto (cod_barra, fornecedor, descricao, preco) VALUES ('0097', NULL, 'SUTIÃ AMAMENTAÇÃO 40', 20);
INSERT INTO produto (cod_barra, fornecedor, descricao, preco) VALUES ('0174', NULL, 'SUTIÃ ALÇA CRUZADA 0400174', 26);
INSERT INTO produto (cod_barra, fornecedor, descricao, preco) VALUES ('0367', NULL, 'CONJUNTO BELLA C STRASS 007', 40);
INSERT INTO produto (cod_barra, fornecedor, descricao, preco) VALUES ('10003', NULL, 'BIQUINI KINWAY 250', 48);
INSERT INTO produto (cod_barra, fornecedor, descricao, preco) VALUES ('10006', NULL, 'BIQUINI KINWAY 1071', 68);
INSERT INTO produto (cod_barra, fornecedor, descricao, preco) VALUES ('10012', NULL, 'BIQUINI KINWAY 1073', 68);
INSERT INTO produto (cod_barra, fornecedor, descricao, preco) VALUES ('10020', 13, 'SHORT MICROFIBRA COM RENDA 0017', 20);
INSERT INTO produto (cod_barra, fornecedor, descricao, preco) VALUES ('10021', NULL, 'SUTIÃ AMAMENTAÇÃO 7210009', 28);
INSERT INTO produto (cod_barra, fornecedor, descricao, preco) VALUES ('10022', NULL, 'SUTIA CETENETE 181818', 25);
INSERT INTO produto (cod_barra, fornecedor, descricao, preco) VALUES ('10023', NULL, 'CONJUNTO INFANTIL BORDADO 3210001', 15);
INSERT INTO produto (cod_barra, fornecedor, descricao, preco) VALUES ('10024', NULL, 'CALÇA BALÃOZINHO BORDADA 1210005', 8);
INSERT INTO produto (cod_barra, fornecedor, descricao, preco) VALUES ('10025', NULL, 'CALÇA INF PV ESTAMPADA1210002', 6);
INSERT INTO produto (cod_barra, fornecedor, descricao, preco) VALUES ('10026', NULL, 'CALÇA COTTON COM PALA 002', 10);
INSERT INTO produto (cod_barra, fornecedor, descricao, preco) VALUES ('10027', 13, 'CALÇA BÁSICA 0013', 9);
INSERT INTO produto (cod_barra, fornecedor, descricao, preco) VALUES ('10028', NULL, 'CALÇA COTTON PERS', 9);
INSERT INTO produto (cod_barra, fornecedor, descricao, preco) VALUES ('10029', 13, 'TANGA MICROFIBRA 007', 8);
INSERT INTO produto (cod_barra, fornecedor, descricao, preco) VALUES ('10030', NULL, 'TANGA ESTILO 08080808', 7);
INSERT INTO produto (cod_barra, fornecedor, descricao, preco) VALUES ('10034', NULL, 'CAMISOLA PV ADULTO FLORAL 300251', 35);
INSERT INTO produto (cod_barra, fornecedor, descricao, preco) VALUES ('10045', NULL, 'SAMBA CANÇÃO DE CETIM ', 15);
INSERT INTO produto (cod_barra, fornecedor, descricao, preco) VALUES ('10046', NULL, 'SAÍDA DE PRAIA A&R', 20);
INSERT INTO produto (cod_barra, fornecedor, descricao, preco) VALUES ('10047', NULL, 'SHORT DE PRAIA', 20);
INSERT INTO produto (cod_barra, fornecedor, descricao, preco) VALUES ('10050', NULL, 'CALÇA BASIC 84501', 32);
INSERT INTO produto (cod_barra, fornecedor, descricao, preco) VALUES ('10051', 3, 'CALÇA MICRO C/ PALA 1210027', 12);
INSERT INTO produto (cod_barra, fornecedor, descricao, preco) VALUES ('10099', 3, 'CONJUNTO COLEGIAL 3210013', 15);
INSERT INTO produto (cod_barra, fornecedor, descricao, preco) VALUES ('10100', NULL, 'MEIA PROMOÇÃO', 10);
INSERT INTO produto (cod_barra, fornecedor, descricao, preco) VALUES ('11000', NULL, 'CAMISOLA ALG AMAMENTAR FLORAL 30244', 48);
INSERT INTO produto (cod_barra, fornecedor, descricao, preco) VALUES ('11002', NULL, 'CAMISOLA PV ADULTO GARDEN 300246', 38);
INSERT INTO produto (cod_barra, fornecedor, descricao, preco) VALUES ('11003', NULL, 'PIJAMA PV ADULTO BLUSA FLORAL 200203', 62);
INSERT INTO produto (cod_barra, fornecedor, descricao, preco) VALUES ('11004', NULL, 'PIJAMA PV ADULTO GARDEN 200188', 68);
INSERT INTO produto (cod_barra, fornecedor, descricao, preco) VALUES ('11005', NULL, 'CAMISOLA PV AD ABERTO CLÁSSICO 300244', 45);
INSERT INTO produto (cod_barra, fornecedor, descricao, preco) VALUES ('11006', NULL, 'CAMISOLA LIGANETE PROMOÇÃO', 20);
INSERT INTO produto (cod_barra, fornecedor, descricao, preco) VALUES ('11047', NULL, 'SHORT DE PRAIA', 20);
INSERT INTO produto (cod_barra, fornecedor, descricao, preco) VALUES ('12000', NULL, 'CONJUNTO GRAPEADO SUPER 8072000', 35);
INSERT INTO produto (cod_barra, fornecedor, descricao, preco) VALUES ('12001', NULL, 'CALCINHA C/ RENDA 203011', 10);
INSERT INTO produto (cod_barra, fornecedor, descricao, preco) VALUES ('12002', NULL, 'CALCINHA ANITTA 4669000', 12);
INSERT INTO produto (cod_barra, fornecedor, descricao, preco) VALUES ('12003', NULL, 'CALCINHA LUDMILLA 4665000', 12);
INSERT INTO produto (cod_barra, fornecedor, descricao, preco) VALUES ('12004', NULL, 'CALCINHA FIO/RENDA 4668000', 10);
INSERT INTO produto (cod_barra, fornecedor, descricao, preco) VALUES ('12005', NULL, 'CONJUNTO RENDADO CINDERELLY 8083000', 35);
INSERT INTO produto (cod_barra, fornecedor, descricao, preco) VALUES ('12006', NULL, 'CALCINHA FIO CINDERELLY 0203011', 10);
INSERT INTO produto (cod_barra, fornecedor, descricao, preco) VALUES ('12007', 27, 'CALÇA RENDADA ESTAMPADA 10101010', 10);
INSERT INTO produto (cod_barra, fornecedor, descricao, preco) VALUES ('12008', NULL, 'SUTIÃ GG CINDERELLY 9089000', 28);
INSERT INTO produto (cod_barra, fornecedor, descricao, preco) VALUES ('12009', NULL, 'CALCINHA CINDERELLY 9089000', 10);
INSERT INTO produto (cod_barra, fornecedor, descricao, preco) VALUES ('12010', 13, 'CALÇA MICROFIBRA RENDA 0032', 12);
INSERT INTO produto (cod_barra, fornecedor, descricao, preco) VALUES ('12011', NULL, 'CALÇA MICROFIBRA PALA 001', 12);
INSERT INTO produto (cod_barra, fornecedor, descricao, preco) VALUES ('12012', NULL, 'CALCINHA FIO DUPLO 0036', 8);
INSERT INTO produto (cod_barra, fornecedor, descricao, preco) VALUES ('12013', NULL, 'CALCINHA MICRO COM LAÇO 0037', 8);
INSERT INTO produto (cod_barra, fornecedor, descricao, preco) VALUES ('12014', NULL, 'CAMISOLA COM MANGA 007', 35);
INSERT INTO produto (cod_barra, fornecedor, descricao, preco) VALUES ('12015', 16, 'SUTIÃ CETINETE AVULSO 119100', 42);
INSERT INTO produto (cod_barra, fornecedor, descricao, preco) VALUES ('12016', NULL, 'CONJUNTO RENDA COM BOJO 1613', 38);
INSERT INTO produto (cod_barra, fornecedor, descricao, preco) VALUES ('12017', NULL, 'CONJUNTO MICROFIBRA RENDA BOJO 1711', 35);
INSERT INTO produto (cod_barra, fornecedor, descricao, preco) VALUES ('12018', NULL, 'SUTIÃ LIDIELY LINGERIE 4978', 40);
INSERT INTO produto (cod_barra, fornecedor, descricao, preco) VALUES ('12019', NULL, 'CALÇA DE COTTON GENESIS', 6);
INSERT INTO produto (cod_barra, fornecedor, descricao, preco) VALUES ('12020', NULL, 'CAMISOLA DE BABADO EXTRA G', 35);
INSERT INTO produto (cod_barra, fornecedor, descricao, preco) VALUES ('12021', 12, 'CALÇOLA 100% ALG GENESIS', 10);
INSERT INTO produto (cod_barra, fornecedor, descricao, preco) VALUES ('12022', 1, 'BIQUINI AMITAF 68 REAIS', 68);
INSERT INTO produto (cod_barra, fornecedor, descricao, preco) VALUES ('12023', 1, 'BIQUINI AMITAF 48 REAIS', 48);
INSERT INTO produto (cod_barra, fornecedor, descricao, preco) VALUES ('12025', NULL, 'SUTIÃ MANHOSA FASHION', 20);
INSERT INTO produto (cod_barra, fornecedor, descricao, preco) VALUES ('12026', NULL, 'CALÇA MICROFIBRA 002', 5);
INSERT INTO produto (cod_barra, fornecedor, descricao, preco) VALUES ('12028', NULL, 'CALCINHA BOX NEEDFEEL TY-6179', 12);
INSERT INTO produto (cod_barra, fornecedor, descricao, preco) VALUES ('12029', NULL, 'SHORT DE PRAIA 15 REAIS', 15);
INSERT INTO produto (cod_barra, fornecedor, descricao, preco) VALUES ('12030', NULL, 'CAMISOLA SONHO 30281', 39);
INSERT INTO produto (cod_barra, fornecedor, descricao, preco) VALUES ('12032', NULL, 'BABYDOLL REGATA INF 10334', 25);
INSERT INTO produto (cod_barra, fornecedor, descricao, preco) VALUES ('12036', NULL, 'PIJAMA MASCULINO CURTO 60276', 45);
INSERT INTO produto (cod_barra, fornecedor, descricao, preco) VALUES ('12038', NULL, 'CAMISOLA LIG RENDA MANGA 5035', 48);
INSERT INTO produto (cod_barra, fornecedor, descricao, preco) VALUES ('12039', NULL, 'BABYDOLL ALG INF REGATA MINNIE 2 A 8 ANOS 10341', 25);
INSERT INTO produto (cod_barra, fornecedor, descricao, preco) VALUES ('12040', NULL, 'BABYDOLL ALG INF REGATA MINNIE 10 A 12 ANOS 10341', 28);
INSERT INTO produto (cod_barra, fornecedor, descricao, preco) VALUES ('12041', NULL, 'BABYDOLL ALG ING REGATA SORVETE 2 A 8 ANOS 10349', 25);
INSERT INTO produto (cod_barra, fornecedor, descricao, preco) VALUES ('12042', NULL, 'BABYDOLL ALG INF REGATA SORVETE 10 A 12 ANOS 10349', 28);
INSERT INTO produto (cod_barra, fornecedor, descricao, preco) VALUES ('12043', NULL, 'CAMISOLA ALG INF REGATA SORVETE 30306', 25);
INSERT INTO produto (cod_barra, fornecedor, descricao, preco) VALUES ('12044', NULL, 'CAMISOLA PV ADULTO GARDEN 30311', 39);
INSERT INTO produto (cod_barra, fornecedor, descricao, preco) VALUES ('12045', NULL, 'CAMISOLA AMAMENTAR LIGANETE 5018', 49);
INSERT INTO produto (cod_barra, fornecedor, descricao, preco) VALUES ('12046', NULL, 'CAMISOLA LIGANETE ALÇA BABADO 5024', 38);
INSERT INTO produto (cod_barra, fornecedor, descricao, preco) VALUES ('12047', NULL, 'CAMISOLA LIG LISA ALÇA 5026', 45);
INSERT INTO produto (cod_barra, fornecedor, descricao, preco) VALUES ('12048', NULL, 'BABYDOLL EXTRA G', 35);
INSERT INTO produto (cod_barra, fornecedor, descricao, preco) VALUES ('12049', NULL, 'BABYDOLL REGATA EST', 29);
INSERT INTO produto (cod_barra, fornecedor, descricao, preco) VALUES ('12050', NULL, 'SAÍDA DE PRAIA SOL E MAR 1008', 12);
INSERT INTO produto (cod_barra, fornecedor, descricao, preco) VALUES ('12052', 14, 'SUTIA DE MICROFIBRA BJ 1080', 28);
INSERT INTO produto (cod_barra, fornecedor, descricao, preco) VALUES ('12053', NULL, 'SUTIA SILICONE COSTA 1020400', 28);
INSERT INTO produto (cod_barra, fornecedor, descricao, preco) VALUES ('12054', NULL, 'TOP INFANTIL AMORE VICTORIA V8065', 10);
INSERT INTO produto (cod_barra, fornecedor, descricao, preco) VALUES ('12056', NULL, 'CAMISETA 4004', 38);
INSERT INTO produto (cod_barra, fornecedor, descricao, preco) VALUES ('12057', NULL, 'CALÇA CESPARTO 4010', 42);
INSERT INTO produto (cod_barra, fornecedor, descricao, preco) VALUES ('12058', NULL, 'SHORT COM RENDA ALTO 3007', 48);
INSERT INTO produto (cod_barra, fornecedor, descricao, preco) VALUES ('12059', NULL, 'COMBINAÇÃO', 45);
INSERT INTO produto (cod_barra, fornecedor, descricao, preco) VALUES ('12061', NULL, 'CONJUNTO BOJO 3210004', 25);
INSERT INTO produto (cod_barra, fornecedor, descricao, preco) VALUES ('12062', NULL, 'CALCINHA BOX GENESIS', 6);
INSERT INTO produto (cod_barra, fornecedor, descricao, preco) VALUES ('12063', NULL, 'CALÇA SUSTENTAÇÃO COM DOBRÃO 22100', 29);
INSERT INTO produto (cod_barra, fornecedor, descricao, preco) VALUES ('12064', 16, 'CAMISETE CETINETE SUSTENTAÇÃO 33941', 68);
INSERT INTO produto (cod_barra, fornecedor, descricao, preco) VALUES ('12065', NULL, 'MODELADOR CETINETE 33942', 70);
INSERT INTO produto (cod_barra, fornecedor, descricao, preco) VALUES ('12066', NULL, 'MODELADOR LISO COM DOBRA 339424', 75);
INSERT INTO produto (cod_barra, fornecedor, descricao, preco) VALUES ('12067', 16, 'CAMISETE REMOVÍVEL 33943', 68);
INSERT INTO produto (cod_barra, fornecedor, descricao, preco) VALUES ('12068', 16, 'MODELADOR ALÇA REMOVÍVEL 33944', 75);
INSERT INTO produto (cod_barra, fornecedor, descricao, preco) VALUES ('12069', 32, 'MAIÔ KINWAY 1005', 58);
INSERT INTO produto (cod_barra, fornecedor, descricao, preco) VALUES ('12070', NULL, 'MAIO KINWAY ADULTO GG 1022', 88);
INSERT INTO produto (cod_barra, fornecedor, descricao, preco) VALUES ('12071', 32, 'SUNGA KINWAY 601', 36);
INSERT INTO produto (cod_barra, fornecedor, descricao, preco) VALUES ('12072', NULL, 'SUNGA KINWAY INTANTIL 602', 26);
INSERT INTO produto (cod_barra, fornecedor, descricao, preco) VALUES ('12075', NULL, 'BIQUINI ADULTO KINWAY 276', 78);
INSERT INTO produto (cod_barra, fornecedor, descricao, preco) VALUES ('12077', NULL, 'CALÇA MICRO FIO 1210020', 9);
INSERT INTO produto (cod_barra, fornecedor, descricao, preco) VALUES ('12078', NULL, 'CALÇA MICRO FIO COM RENDA 1210021', 9);
INSERT INTO produto (cod_barra, fornecedor, descricao, preco) VALUES ('12079', 3, 'MODELADOR DLANNAY 7210008', 60);
INSERT INTO produto (cod_barra, fornecedor, descricao, preco) VALUES ('12080', NULL, 'SUTIÃ COM BOJO DLANNAY 3210004', 28);
INSERT INTO produto (cod_barra, fornecedor, descricao, preco) VALUES ('12081', NULL, 'CALCINHA DLANNAY 3210004', 8);
INSERT INTO produto (cod_barra, fornecedor, descricao, preco) VALUES ('12082', 2, 'PIJAMA LONGO MARIANA M-G-GG', 25);
INSERT INTO produto (cod_barra, fornecedor, descricao, preco) VALUES ('12083', 2, 'PIJAMA LONGO MARIANA XG', 28);
INSERT INTO produto (cod_barra, fornecedor, descricao, preco) VALUES ('12084', NULL, 'CALCINHA AMORARMA CC-5M-3Q', 10);
INSERT INTO produto (cod_barra, fornecedor, descricao, preco) VALUES ('12085', NULL, 'CALCINHA SEXKISS BB1016', 12);
INSERT INTO produto (cod_barra, fornecedor, descricao, preco) VALUES ('12086', NULL, 'CALCINHA BOX INFANTIL GENESIS', 5);
INSERT INTO produto (cod_barra, fornecedor, descricao, preco) VALUES ('12087', NULL, 'PIJAMA INFANTIL PROMOÇÃO', 10);
INSERT INTO produto (cod_barra, fornecedor, descricao, preco) VALUES ('12088', NULL, 'CALÇA RENDA BELLA', 12);
INSERT INTO produto (cod_barra, fornecedor, descricao, preco) VALUES ('12089', NULL, 'CALCINHA BOX BELLA', 12);
INSERT INTO produto (cod_barra, fornecedor, descricao, preco) VALUES ('12090', NULL, 'CALCINHA SHORT RENDA BELLA', 12);
INSERT INTO produto (cod_barra, fornecedor, descricao, preco) VALUES ('12091', NULL, 'FIO DENTAL DUPLO BELLA', 8);
INSERT INTO produto (cod_barra, fornecedor, descricao, preco) VALUES ('12092', NULL, 'CALCINHA RENDA BELLA', 8);
INSERT INTO produto (cod_barra, fornecedor, descricao, preco) VALUES ('12094', NULL, 'FAIXA SEM TALA', 35);
INSERT INTO produto (cod_barra, fornecedor, descricao, preco) VALUES ('12095', 12, 'SHORT CINTA ALTA 4006', 48);
INSERT INTO produto (cod_barra, fornecedor, descricao, preco) VALUES ('12096', 12, 'CALÇA CINTA APÓS PARTO', 42);
INSERT INTO produto (cod_barra, fornecedor, descricao, preco) VALUES ('12098', 12, 'CAMISETE DWANYS', 38);
INSERT INTO produto (cod_barra, fornecedor, descricao, preco) VALUES ('12099', NULL, 'SHORT CINTA CURTO 5007', 38);
INSERT INTO produto (cod_barra, fornecedor, descricao, preco) VALUES ('1210', NULL, 'SAMBA CANÇÃO INFANTIL', 12);
INSERT INTO produto (cod_barra, fornecedor, descricao, preco) VALUES ('12100', 35, 'BUSTIE DE MICROFIBRA 7201100', 28);
INSERT INTO produto (cod_barra, fornecedor, descricao, preco) VALUES ('12101', NULL, 'SUTIÃ COM TIRA DESEJO SECRET', 20);
INSERT INTO produto (cod_barra, fornecedor, descricao, preco) VALUES ('12103', NULL, 'CALCINHA NEEDFEEL SY141604', 12);
INSERT INTO produto (cod_barra, fornecedor, descricao, preco) VALUES ('12104', NULL, 'CALCINHA HANGAR MORIAH SC005', 15);
INSERT INTO produto (cod_barra, fornecedor, descricao, preco) VALUES ('12105', NULL, 'TOP COM BOJO ADULTO C012', 28);
INSERT INTO produto (cod_barra, fornecedor, descricao, preco) VALUES ('12106', NULL, 'CALCINHA COTTON RENDA 21066', 18);
INSERT INTO produto (cod_barra, fornecedor, descricao, preco) VALUES ('12107', NULL, 'SUTIÃ CAMILA GG CINDERELLY 9090000', 35);
INSERT INTO produto (cod_barra, fornecedor, descricao, preco) VALUES ('12108', NULL, 'CALCINHA CINDERELLY', 10);
INSERT INTO produto (cod_barra, fornecedor, descricao, preco) VALUES ('12109', NULL, 'TANGA MICROFIBRA LISA 007', 5);
INSERT INTO produto (cod_barra, fornecedor, descricao, preco) VALUES ('12110', 3, 'CALÇA COTTON COM PALA 1210000', 10);
INSERT INTO produto (cod_barra, fornecedor, descricao, preco) VALUES ('12111', NULL, 'TOP ADULTO NEEDFEEL S008', 15);
INSERT INTO produto (cod_barra, fornecedor, descricao, preco) VALUES ('12112', NULL, 'BABYDOLL PV AD ALÇA COROA 10338', 38);
INSERT INTO produto (cod_barra, fornecedor, descricao, preco) VALUES ('12113', NULL, 'BABYDOLL PV AD REGATA ESTRELA 10344', 38);
INSERT INTO produto (cod_barra, fornecedor, descricao, preco) VALUES ('12114', NULL, 'BABYDOLL PV AD REG ZEBRA 10356', 38);
INSERT INTO produto (cod_barra, fornecedor, descricao, preco) VALUES ('12115', NULL, 'BABYDOLL RIBANA AD ALÇA 10364', 28);
INSERT INTO produto (cod_barra, fornecedor, descricao, preco) VALUES ('12116', NULL, 'BABYDOLL PV AD REGATA LOVE 10346', 38);
INSERT INTO produto (cod_barra, fornecedor, descricao, preco) VALUES ('12117', NULL, 'PIJAMA MACS ALG AD ABERTO 60280', 58);
INSERT INTO produto (cod_barra, fornecedor, descricao, preco) VALUES ('12118', NULL, 'PESCADOR PV INF COROA 90328', 25);
INSERT INTO produto (cod_barra, fornecedor, descricao, preco) VALUES ('12119', NULL, 'BABYDOLL RIBANA INF REG ZEBRA 10358', 25);
INSERT INTO produto (cod_barra, fornecedor, descricao, preco) VALUES ('12127', NULL, 'BABYDOLL ALG AD REG SORVETE 10350', 38);
INSERT INTO produto (cod_barra, fornecedor, descricao, preco) VALUES ('12128', NULL, 'BABYDOLL PV AD ALÇA MARGARIDA 10353', 38);
INSERT INTO produto (cod_barra, fornecedor, descricao, preco) VALUES ('12130', NULL, 'PESCADOR LIGANETE 5028', 58);
INSERT INTO produto (cod_barra, fornecedor, descricao, preco) VALUES ('12131', NULL, 'CAMISOLA LIGANETE 5034', 38);
INSERT INTO produto (cod_barra, fornecedor, descricao, preco) VALUES ('12134', NULL, 'BABYDOLL LIGANETE 5029', 45);
INSERT INTO produto (cod_barra, fornecedor, descricao, preco) VALUES ('12135', NULL, 'BABYDOLL LIGANETE 5036', 45);
INSERT INTO produto (cod_barra, fornecedor, descricao, preco) VALUES ('12136', NULL, 'BABYDOLL LIGANETE 5023', 45);
INSERT INTO produto (cod_barra, fornecedor, descricao, preco) VALUES ('12137', NULL, 'BABYDOLL LIGANETE 5030', 45);
INSERT INTO produto (cod_barra, fornecedor, descricao, preco) VALUES ('12138', NULL, 'MEIA PROMOÇÃO DOIS REAIS', 2);
INSERT INTO produto (cod_barra, fornecedor, descricao, preco) VALUES ('12139', NULL, 'SUTIA TOP MULTIFUNCIONAL 11915', 35);
INSERT INTO produto (cod_barra, fornecedor, descricao, preco) VALUES ('12140', NULL, 'SUTIA NADADOR SEM BOJO 11916', 35);
INSERT INTO produto (cod_barra, fornecedor, descricao, preco) VALUES ('12141', 16, 'CALÇA CETINETE MODELADORA 24910', 48);
INSERT INTO produto (cod_barra, fornecedor, descricao, preco) VALUES ('12142', 16, 'CONJUNTO PLUS SIZE LISO RENDA 931103', 85);
INSERT INTO produto (cod_barra, fornecedor, descricao, preco) VALUES ('12143', NULL, 'SUTIA PLUS SIZE RENDA AVULSO 931105', 65);
INSERT INTO produto (cod_barra, fornecedor, descricao, preco) VALUES ('12144', NULL, 'PESCADOR PV ADUL ABERTO POA 90330', 48);
INSERT INTO produto (cod_barra, fornecedor, descricao, preco) VALUES ('12145', NULL, 'CAMISOLA ALG ADULT REG MINNIE 30297', 38);
INSERT INTO produto (cod_barra, fornecedor, descricao, preco) VALUES ('12146', NULL, 'CAMISOLA ALG INF REGAT MINNIE 30299', 25);
INSERT INTO produto (cod_barra, fornecedor, descricao, preco) VALUES ('12147', NULL, 'BABYDOLL PV INF ALÇA COROA 10362', 25);
INSERT INTO produto (cod_barra, fornecedor, descricao, preco) VALUES ('12148', NULL, 'CAMIS PV ADULT REGATA COROA 30296', 38);
INSERT INTO produto (cod_barra, fornecedor, descricao, preco) VALUES ('12149', NULL, 'SAÍDA DE PRAIA JULIA', 28);
INSERT INTO produto (cod_barra, fornecedor, descricao, preco) VALUES ('12150', NULL, 'CALÇA RENDA LISA 111111', 9);
INSERT INTO produto (cod_barra, fornecedor, descricao, preco) VALUES ('12151', NULL, 'CALCINHA COM RENDA 0040', 12);
INSERT INTO produto (cod_barra, fornecedor, descricao, preco) VALUES ('12152', NULL, 'TANGÃO MICROFIBRA 0010', 10);
INSERT INTO produto (cod_barra, fornecedor, descricao, preco) VALUES ('12153', NULL, 'PIJAMA CURTO INFANTIL 60287', 28);
INSERT INTO produto (cod_barra, fornecedor, descricao, preco) VALUES ('12154', NULL, 'PIJAMA CURTO INFANTIL 60279', 28);
INSERT INTO produto (cod_barra, fornecedor, descricao, preco) VALUES ('12155', NULL, 'PIJAMA CURTO INFANTIL 60286', 28);
INSERT INTO produto (cod_barra, fornecedor, descricao, preco) VALUES ('12156', NULL, 'HOBBY 30309', 45);
INSERT INTO produto (cod_barra, fornecedor, descricao, preco) VALUES ('12157', NULL, 'CAMISOLA ADULTO REGATA EST 30302', 38);
INSERT INTO produto (cod_barra, fornecedor, descricao, preco) VALUES ('12158', NULL, 'PESCADOR 90326', 38);
INSERT INTO produto (cod_barra, fornecedor, descricao, preco) VALUES ('12161', NULL, 'BABYDOLL PV ADULTO 10363', 38);
INSERT INTO produto (cod_barra, fornecedor, descricao, preco) VALUES ('12162', NULL, 'BABYDOLL PV ADULTO 10351', 38);
INSERT INTO produto (cod_barra, fornecedor, descricao, preco) VALUES ('12163', NULL, 'BABYDOLL PV ADULTO 10342', 38);
INSERT INTO produto (cod_barra, fornecedor, descricao, preco) VALUES ('12164', NULL, 'BABYDOLL LIGANETE 5025', 45);
INSERT INTO produto (cod_barra, fornecedor, descricao, preco) VALUES ('12165', NULL, 'PIJAMA ADULTO CURTO 60285', 49);
INSERT INTO produto (cod_barra, fornecedor, descricao, preco) VALUES ('12166', NULL, 'PIJAMA ADULTO ALG REG 60284', 45);
INSERT INTO produto (cod_barra, fornecedor, descricao, preco) VALUES ('12167', NULL, 'PIJAMA ADULTO ALG REG 60282', 45);
INSERT INTO produto (cod_barra, fornecedor, descricao, preco) VALUES ('12168', NULL, 'BABYDOLL LIGANETE REGATA 5022', 39);
INSERT INTO produto (cod_barra, fornecedor, descricao, preco) VALUES ('12169', NULL, 'BABYDOLL LIGANETE RENDA 5033', 39);
INSERT INTO produto (cod_barra, fornecedor, descricao, preco) VALUES ('12170', NULL, 'BABYDOLL LIGANETE ALÇA 5016', 39);
INSERT INTO produto (cod_barra, fornecedor, descricao, preco) VALUES ('12171', 2, 'BABYDOLL LIGANETE MARIANA', 29);
INSERT INTO produto (cod_barra, fornecedor, descricao, preco) VALUES ('12172', NULL, 'CAMISOLA MARIANA', 25);
INSERT INTO produto (cod_barra, fornecedor, descricao, preco) VALUES ('12173', NULL, 'SUNGA BANHO INF LISA', 20);
INSERT INTO produto (cod_barra, fornecedor, descricao, preco) VALUES ('12174', NULL, 'SUNGA BANHO ADULTO LISA', 28);
INSERT INTO produto (cod_barra, fornecedor, descricao, preco) VALUES ('12175', NULL, 'SHORT SAÍDA', 15);
INSERT INTO produto (cod_barra, fornecedor, descricao, preco) VALUES ('12176', NULL, 'SAÍDA DE PRAIA', 28);
INSERT INTO produto (cod_barra, fornecedor, descricao, preco) VALUES ('12177', NULL, 'CONJUNTO ESTILOSA 0043', 38);
INSERT INTO produto (cod_barra, fornecedor, descricao, preco) VALUES ('12178', NULL, 'CONJUNTO 5623', 42);
INSERT INTO produto (cod_barra, fornecedor, descricao, preco) VALUES ('12180', NULL, 'CONJUNTO 5053', 42);
INSERT INTO produto (cod_barra, fornecedor, descricao, preco) VALUES ('12182', 17, 'CONJUNTO 5048 4179', 42);
INSERT INTO produto (cod_barra, fornecedor, descricao, preco) VALUES ('12184', NULL, 'CONJUNTO GRAPEADO FITA 8074', 38);
INSERT INTO produto (cod_barra, fornecedor, descricao, preco) VALUES ('12185', NULL, 'BOX FEMININA MICROFIBRA 1230010', 12);
INSERT INTO produto (cod_barra, fornecedor, descricao, preco) VALUES ('12186', NULL, 'CALÇA MICROFIBRA 1210007', 9);
INSERT INTO produto (cod_barra, fornecedor, descricao, preco) VALUES ('12187', NULL, 'TANGA MICROFIBRA 1210019', 8);
INSERT INTO produto (cod_barra, fornecedor, descricao, preco) VALUES ('12188', NULL, 'SUTIÃ CINDERELLY 8086', 28);
INSERT INTO produto (cod_barra, fornecedor, descricao, preco) VALUES ('12189', NULL, 'SUTIÃ CELESTE CONFORT 10100', 28);
INSERT INTO produto (cod_barra, fornecedor, descricao, preco) VALUES ('12190', NULL, 'SUTIÃ CELESTE 50341', 35);
INSERT INTO produto (cod_barra, fornecedor, descricao, preco) VALUES ('12191', NULL, 'TOP BOJO REMOVÍVEL COM FECHO 10018', 28);
INSERT INTO produto (cod_barra, fornecedor, descricao, preco) VALUES ('12192', NULL, 'SUTIÃ ÂNGELA LISO PLUS 30056', 55);
INSERT INTO produto (cod_barra, fornecedor, descricao, preco) VALUES ('12193', NULL, 'SUTIÃ TQC INTERIÇO 10020', 35);
INSERT INTO produto (cod_barra, fornecedor, descricao, preco) VALUES ('12194', NULL, 'SUTIÃ CECÍLIA PLUS 200247', 55);
INSERT INTO produto (cod_barra, fornecedor, descricao, preco) VALUES ('12195', NULL, 'SUTIÃ CECÍLIA 200247', 45);
INSERT INTO produto (cod_barra, fornecedor, descricao, preco) VALUES ('12196', NULL, 'TOP NADADOR PLUS 10035', 48);
INSERT INTO produto (cod_barra, fornecedor, descricao, preco) VALUES ('12197', NULL, 'SUTIÃ ALÇA SUSTENTAÇÃO 11914', 28);
INSERT INTO produto (cod_barra, fornecedor, descricao, preco) VALUES ('12198', NULL, 'CONJUNTO TECIDO TRABALHADO RENDA 130126', 58);
INSERT INTO produto (cod_barra, fornecedor, descricao, preco) VALUES ('12199', NULL, 'CONJUNTO BASE E CALÇA LISA 151103', 48);
INSERT INTO produto (cod_barra, fornecedor, descricao, preco) VALUES ('12200', NULL, 'CONJUNTO PUSHUP LYCRA TRABALHADA 151119', 58);
INSERT INTO produto (cod_barra, fornecedor, descricao, preco) VALUES ('12201', NULL, 'SUTIÃ BASE REFORÇADA 151141', 60);
INSERT INTO produto (cod_barra, fornecedor, descricao, preco) VALUES ('12202', NULL, 'CALÇA 151141', 35);
INSERT INTO produto (cod_barra, fornecedor, descricao, preco) VALUES ('12205', NULL, 'CALÇA PLUS SIZE RENDA 931103', 29);
INSERT INTO produto (cod_barra, fornecedor, descricao, preco) VALUES ('12206', 6, 'SUTIÃ 8096 8074 8089 8086 8084 80100 8083 8099', 29);
INSERT INTO produto (cod_barra, fornecedor, descricao, preco) VALUES ('12207', NULL, 'TOP INFANTIL NEEDFEEL TIN-S005', 10);
INSERT INTO produto (cod_barra, fornecedor, descricao, preco) VALUES ('12208', NULL, 'CALÇA BUNDA RICCA 1210004', 6);
INSERT INTO produto (cod_barra, fornecedor, descricao, preco) VALUES ('12209', 3, 'CALÇA INF SILKADA 1210001', 6);
INSERT INTO produto (cod_barra, fornecedor, descricao, preco) VALUES ('12210', NULL, 'CALÇA INF BORDADA 1210003', 6);
INSERT INTO produto (cod_barra, fornecedor, descricao, preco) VALUES ('12211', NULL, 'CALÇA INFANTIL MODAL 1210006', 7);
INSERT INTO produto (cod_barra, fornecedor, descricao, preco) VALUES ('12212', 14, 'SUTIA DE MICROFIBRA BJ GG 1080', 35);
INSERT INTO produto (cod_barra, fornecedor, descricao, preco) VALUES ('12213', NULL, 'FIO LULU-MF 033', 10);
INSERT INTO produto (cod_barra, fornecedor, descricao, preco) VALUES ('12214', NULL, 'CAMISOLA SEM BOJO 8201012', 38);
INSERT INTO produto (cod_barra, fornecedor, descricao, preco) VALUES ('12215', NULL, 'BABYDOLL PV ADULTO ALÇA ESTRELA 10343', 38);
INSERT INTO produto (cod_barra, fornecedor, descricao, preco) VALUES ('12216', NULL, 'BABYDOLL PV ADULTO ALÇA LOVE 10347', 38);
INSERT INTO produto (cod_barra, fornecedor, descricao, preco) VALUES ('12217', NULL, 'CALÇA PALA DOBRADA 0422111', 29);
INSERT INTO produto (cod_barra, fornecedor, descricao, preco) VALUES ('12218', NULL, 'CALÇA SUSTENTAÇÃO ALTA POWER RENDA 0422357', 29);
INSERT INTO produto (cod_barra, fornecedor, descricao, preco) VALUES ('12219', NULL, 'SHORT COM PALA DUPLA 0445504', 45);
INSERT INTO produto (cod_barra, fornecedor, descricao, preco) VALUES ('12220', NULL, 'CALÇA ESTRUTURADA LATERAL RENDA 0455113', 29);
INSERT INTO produto (cod_barra, fornecedor, descricao, preco) VALUES ('12221', NULL, 'SUTIÃ NADADOR ALÇA ELÁSTICO RENDA 1100907', 55);
INSERT INTO produto (cod_barra, fornecedor, descricao, preco) VALUES ('12222', NULL, 'SUTIÃ SUPER DECOTE U 1122251', 62);
INSERT INTO produto (cod_barra, fornecedor, descricao, preco) VALUES ('12223', NULL, 'SUTIÃ BRATOP LISO POWER 1123524', 48);
INSERT INTO produto (cod_barra, fornecedor, descricao, preco) VALUES ('12224', NULL, 'SUTIÃ STRAPPY ADAPT RENDA 1190055', 58);
INSERT INTO produto (cod_barra, fornecedor, descricao, preco) VALUES ('12228', NULL, 'CALCINHA INFANTIL GENESIS 2024', 6);
INSERT INTO produto (cod_barra, fornecedor, descricao, preco) VALUES ('12229', NULL, 'TANGA GENESIS 1006', 6);
INSERT INTO produto (cod_barra, fornecedor, descricao, preco) VALUES ('12230', NULL, 'CALÇA SENHORA PALA GENESIS 1011', 8);
INSERT INTO produto (cod_barra, fornecedor, descricao, preco) VALUES ('12231', NULL, 'CALÇA SENHORA S/ PALA GENESIS 1010', 8);
INSERT INTO produto (cod_barra, fornecedor, descricao, preco) VALUES ('12232', NULL, 'TANGA ALGODÃO GENESIS 1025', 5);
INSERT INTO produto (cod_barra, fornecedor, descricao, preco) VALUES ('12233', NULL, 'CALCINHA LOLITO GENESIS 2005', 5);
INSERT INTO produto (cod_barra, fornecedor, descricao, preco) VALUES ('12234', NULL, 'CUECA INFANTIL GENESIS 4001', 4);
INSERT INTO produto (cod_barra, fornecedor, descricao, preco) VALUES ('12235', NULL, 'CUECA ADULTO GENESIS 3002', 5);
INSERT INTO produto (cod_barra, fornecedor, descricao, preco) VALUES ('12236', NULL, 'CUECA INF PERSONALIZADA 2120001', 7);
INSERT INTO produto (cod_barra, fornecedor, descricao, preco) VALUES ('12237', NULL, 'CUECA SLIP ADULTO 2120003', 8);
INSERT INTO produto (cod_barra, fornecedor, descricao, preco) VALUES ('12238', 13, 'CALÇOLA FIO 40 0041', 9);
INSERT INTO produto (cod_barra, fornecedor, descricao, preco) VALUES ('12239', 13, 'CALÇA RENDADA 029', 10);
INSERT INTO produto (cod_barra, fornecedor, descricao, preco) VALUES ('12240', 3, 'TANGA COTTON 1210021', 8);
INSERT INTO produto (cod_barra, fornecedor, descricao, preco) VALUES ('12241', 38, 'SUTIÃ MICROFIBRA 2023', 25);
INSERT INTO produto (cod_barra, fornecedor, descricao, preco) VALUES ('12242', NULL, 'FIO LULU 034', 10);
INSERT INTO produto (cod_barra, fornecedor, descricao, preco) VALUES ('12246', NULL, 'CONJUNTO 174', 42);
INSERT INTO produto (cod_barra, fornecedor, descricao, preco) VALUES ('12247', NULL, 'CONJUNTO GG 5942', 45);
INSERT INTO produto (cod_barra, fornecedor, descricao, preco) VALUES ('12248', NULL, 'CONJUNTO 5650', 42);
INSERT INTO produto (cod_barra, fornecedor, descricao, preco) VALUES ('12251', NULL, 'PIJAMA EXTRA G', 68);
INSERT INTO produto (cod_barra, fornecedor, descricao, preco) VALUES ('12253', NULL, 'SUTIÃ MENTA PLUS 10030', 39);
INSERT INTO produto (cod_barra, fornecedor, descricao, preco) VALUES ('12254', 22, 'CINTA ALTA 30046', 48);
INSERT INTO produto (cod_barra, fornecedor, descricao, preco) VALUES ('12255', 22, 'CINTA PÓS CIRÚRGICA 30047', 55);
INSERT INTO produto (cod_barra, fornecedor, descricao, preco) VALUES ('12256', NULL, 'SUTIÃ MARCELA 30055', 58);
INSERT INTO produto (cod_barra, fornecedor, descricao, preco) VALUES ('12257', NULL, 'CINTURITA 30061', 55);
INSERT INTO produto (cod_barra, fornecedor, descricao, preco) VALUES ('12258', NULL, 'MAIÔ HIDROGINÁSTICA 020', 68);
INSERT INTO produto (cod_barra, fornecedor, descricao, preco) VALUES ('12260', NULL, 'BIQUINI 045', 68);
INSERT INTO produto (cod_barra, fornecedor, descricao, preco) VALUES ('12263', 3, 'TOP COLEGIAL 7210013', 8);
INSERT INTO produto (cod_barra, fornecedor, descricao, preco) VALUES ('12264', NULL, 'CALÇA DE PALA 22102', 29);
INSERT INTO produto (cod_barra, fornecedor, descricao, preco) VALUES ('12265', NULL, 'CALÇA DE PALA DOBRÃO 22108', 29);
INSERT INTO produto (cod_barra, fornecedor, descricao, preco) VALUES ('12266', 16, 'CALÇA FIO DOBRÃO PALA DUPLA 23100', 29);
INSERT INTO produto (cod_barra, fornecedor, descricao, preco) VALUES ('12267', 16, 'CALÇA LARGA POWER 2495', 25);
INSERT INTO produto (cod_barra, fornecedor, descricao, preco) VALUES ('12268', 16, 'BODY MODELADOR BOJO RENDA 339414', 78);
INSERT INTO produto (cod_barra, fornecedor, descricao, preco) VALUES ('12269', NULL, 'CONJUNTO BIANCA 200253', 48);
INSERT INTO produto (cod_barra, fornecedor, descricao, preco) VALUES ('12270', NULL, 'CONJUNTO LIANE 200254', 48);
INSERT INTO produto (cod_barra, fornecedor, descricao, preco) VALUES ('12271', NULL, 'CONJUNTO LAVINIA 200252', 48);
INSERT INTO produto (cod_barra, fornecedor, descricao, preco) VALUES ('12272', NULL, 'CONJUNTO LUIZA 200256', 48);
INSERT INTO produto (cod_barra, fornecedor, descricao, preco) VALUES ('12273', NULL, 'SUTIÃ AMAMENTAÇÃO BOJO 10029', 35);
INSERT INTO produto (cod_barra, fornecedor, descricao, preco) VALUES ('12275', NULL, 'SUTIÃ NICOLE 10032', 28);
INSERT INTO produto (cod_barra, fornecedor, descricao, preco) VALUES ('12276', 22, 'CALÇA DANIELE 70004', 14);
INSERT INTO produto (cod_barra, fornecedor, descricao, preco) VALUES ('12277', 22, 'CALÇA ERIKA 70005', 14);
INSERT INTO produto (cod_barra, fornecedor, descricao, preco) VALUES ('12284', NULL, 'CALÇA MAX CONTROL 70010', 35);
INSERT INTO produto (cod_barra, fornecedor, descricao, preco) VALUES ('12285', NULL, 'CALÇA MAX 10024', 22);
INSERT INTO produto (cod_barra, fornecedor, descricao, preco) VALUES ('12286', NULL, 'CALÇA MINI 10022', 22);
INSERT INTO produto (cod_barra, fornecedor, descricao, preco) VALUES ('12287', NULL, 'BERMUDA FIT RENDA 60001', 20);
INSERT INTO produto (cod_barra, fornecedor, descricao, preco) VALUES ('12288', NULL, 'CALÇA MINIFIO 10025', 12);
INSERT INTO produto (cod_barra, fornecedor, descricao, preco) VALUES ('12289', NULL, 'CALÇA FIO 70012', 12);
INSERT INTO produto (cod_barra, fornecedor, descricao, preco) VALUES ('12290', NULL, 'CALÇA PAOLLA 70011', 12);
INSERT INTO produto (cod_barra, fornecedor, descricao, preco) VALUES ('12291', NULL, 'CALÇA CALICON 70013', 22);
INSERT INTO produto (cod_barra, fornecedor, descricao, preco) VALUES ('12294', 36, 'SUTIÃ DMIMUS', 25);
INSERT INTO produto (cod_barra, fornecedor, descricao, preco) VALUES ('12295', NULL, 'CONJUNTO SUBELLA 196', 42);
INSERT INTO produto (cod_barra, fornecedor, descricao, preco) VALUES ('12296', NULL, 'CONJUNTO SUBELLA 194', 42);
INSERT INTO produto (cod_barra, fornecedor, descricao, preco) VALUES ('12297', NULL, 'CONJUNTO SUBELLA 175', 42);
INSERT INTO produto (cod_barra, fornecedor, descricao, preco) VALUES ('12298', NULL, 'CONJUNTO SUBELLA 195', 42);
INSERT INTO produto (cod_barra, fornecedor, descricao, preco) VALUES ('12299', 29, 'CALÇA RENDA 15580', 10);
INSERT INTO produto (cod_barra, fornecedor, descricao, preco) VALUES ('12300', NULL, 'FIO DENTAL C FILO 20073', 10);
INSERT INTO produto (cod_barra, fornecedor, descricao, preco) VALUES ('12301', 29, 'TANGA COM RENDA 19746', 10);
INSERT INTO produto (cod_barra, fornecedor, descricao, preco) VALUES ('12302', NULL, 'TANGA COM RENDA 19792', 10);
INSERT INTO produto (cod_barra, fornecedor, descricao, preco) VALUES ('12303', 29, 'TANGA COM RENDA FINA 19615', 10);
INSERT INTO produto (cod_barra, fornecedor, descricao, preco) VALUES ('12304', NULL, 'FIO COM BABADO E RENDA 20743', 10);
INSERT INTO produto (cod_barra, fornecedor, descricao, preco) VALUES ('12307', 32, 'MAIÔ KINWAY ADULTO 5116', 95);
INSERT INTO produto (cod_barra, fornecedor, descricao, preco) VALUES ('12308', NULL, 'MAIÔ KINWAY ADULTO 5134', 75);
INSERT INTO produto (cod_barra, fornecedor, descricao, preco) VALUES ('12309', 32, 'MAIÔ KINWAY ADULTO 5133', 95);
INSERT INTO produto (cod_barra, fornecedor, descricao, preco) VALUES ('12310', 32, 'MAIÔ KINWAY ADULTO 5140', 95);
INSERT INTO produto (cod_barra, fornecedor, descricao, preco) VALUES ('12311', 32, 'MAIÔ KINWAY ADULTO 1004', 68);
INSERT INTO produto (cod_barra, fornecedor, descricao, preco) VALUES ('12313', NULL, 'BIQUINI KINWAY INFANTIL 6003', 38);
INSERT INTO produto (cod_barra, fornecedor, descricao, preco) VALUES ('12315', NULL, 'CALÇA INF COTTON EST 1210037', 7);
INSERT INTO produto (cod_barra, fornecedor, descricao, preco) VALUES ('12316', NULL, 'CONJUNTO PROMOÇÃO 20 REAIS', 20);
INSERT INTO produto (cod_barra, fornecedor, descricao, preco) VALUES ('12317', NULL, 'CUECA BOX PROMOÇÃO 10 REAIS', 10);
INSERT INTO produto (cod_barra, fornecedor, descricao, preco) VALUES ('12321', NULL, 'BIQUINI AD VIÉS LARGO CORTINÃO 3121', 48);
INSERT INTO produto (cod_barra, fornecedor, descricao, preco) VALUES ('12326', NULL, 'BIQUINI AD BOJO CALÇA RETA BABADO 3332', 48);
INSERT INTO produto (cod_barra, fornecedor, descricao, preco) VALUES ('12327', NULL, 'BIQUINI AD TOP FRENTE ÚNICA TANGA 3333', 48);
INSERT INTO produto (cod_barra, fornecedor, descricao, preco) VALUES ('12328', NULL, 'BIQUINI AD BABADO CALÇA RETA 3334', 48);
INSERT INTO produto (cod_barra, fornecedor, descricao, preco) VALUES ('12330', NULL, 'SUTIÃ GG CRISTAL', 35);
INSERT INTO produto (cod_barra, fornecedor, descricao, preco) VALUES ('12331', NULL, 'BIQUINI ADULTO 6003', 68);
INSERT INTO produto (cod_barra, fornecedor, descricao, preco) VALUES ('12333', 3, 'TANGA MODAL 1210010', 9);
INSERT INTO produto (cod_barra, fornecedor, descricao, preco) VALUES ('12334', 3, 'CALÇOLA COTTON 1210012', 15);
INSERT INTO produto (cod_barra, fornecedor, descricao, preco) VALUES ('12335', NULL, 'CONJUNTO CINDERELLY DIVERSOS', 38);
INSERT INTO produto (cod_barra, fornecedor, descricao, preco) VALUES ('12336', 3, 'SUTIÃ DE SUSTENTAÇÃO BOJO 7210001', 35);
INSERT INTO produto (cod_barra, fornecedor, descricao, preco) VALUES ('12337', NULL, 'CALÇA CALISSON', 9);
INSERT INTO produto (cod_barra, fornecedor, descricao, preco) VALUES ('12338', NULL, 'CALÇA RENDA', 9);
INSERT INTO produto (cod_barra, fornecedor, descricao, preco) VALUES ('12339', NULL, 'CALCINHA CINDERELLY', 12);
INSERT INTO produto (cod_barra, fornecedor, descricao, preco) VALUES ('12340', 1, 'MAIÔ AMITAF 68 REAIS', 68);
INSERT INTO produto (cod_barra, fornecedor, descricao, preco) VALUES ('12341', NULL, 'MAIÔ KINWAY ADULTO GG', 98);
INSERT INTO produto (cod_barra, fornecedor, descricao, preco) VALUES ('12345', 32, 'MAIÔ KINWAY 5128', 69);
INSERT INTO produto (cod_barra, fornecedor, descricao, preco) VALUES ('12346', 32, 'MAIÔ KINWAY 5028', 75);
INSERT INTO produto (cod_barra, fornecedor, descricao, preco) VALUES ('12347', NULL, 'MAIÔ INFANTIL 1030', 45);
INSERT INTO produto (cod_barra, fornecedor, descricao, preco) VALUES ('12348', NULL, 'BIQUINI INFANTIL 6112', 45);
INSERT INTO produto (cod_barra, fornecedor, descricao, preco) VALUES ('12349', NULL, 'BIQUINI INFANTIL 6093', 45);
INSERT INTO produto (cod_barra, fornecedor, descricao, preco) VALUES ('12350', NULL, 'CUECA AMORARMA CM-5M-9Q', 10);
INSERT INTO produto (cod_barra, fornecedor, descricao, preco) VALUES ('12351', NULL, 'BOXER PLUS MICROFIBRA 2630', 24);
INSERT INTO produto (cod_barra, fornecedor, descricao, preco) VALUES ('12352', NULL, 'CUECA BX RISCA PLUS 2610', 25);
INSERT INTO produto (cod_barra, fornecedor, descricao, preco) VALUES ('12353', NULL, 'PIJAMA LONGO GG', 68);
INSERT INTO produto (cod_barra, fornecedor, descricao, preco) VALUES ('12354', NULL, 'CALÇA MODELADORA BARRIGA ZERO 0401001', 48);
INSERT INTO produto (cod_barra, fornecedor, descricao, preco) VALUES ('12355', NULL, 'CALÇA BIQUINI COM RENDA 0408086', 25);
INSERT INTO produto (cod_barra, fornecedor, descricao, preco) VALUES ('12356', NULL, 'CALÇA FIO COM BABADO RENDA ESTREITA 0411900', 22);
INSERT INTO produto (cod_barra, fornecedor, descricao, preco) VALUES ('12357', 12, 'CALÇA ALTA MODELADORA CONECTOR 0422250', 42);
INSERT INTO produto (cod_barra, fornecedor, descricao, preco) VALUES ('12359', NULL, 'CAMISOLA DE RENDÃO E RENDA 0800400', 78);
INSERT INTO produto (cod_barra, fornecedor, descricao, preco) VALUES ('12360', NULL, 'SUTIÃ TCQ RENDA E MICRO 1100900', 48);
INSERT INTO produto (cod_barra, fornecedor, descricao, preco) VALUES ('12361', NULL, 'SUTIÃ NADADOR ELÁSTICO ABOTOAMENTO 1100907', 55);
INSERT INTO produto (cod_barra, fornecedor, descricao, preco) VALUES ('12362', NULL, 'SUTIÃ SEM BOJO BASE MANTA 1122252', 35);
INSERT INTO produto (cod_barra, fornecedor, descricao, preco) VALUES ('12363', NULL, 'SUTIÃ NADADOR CETINETE RENDA 1123525', 55);
INSERT INTO produto (cod_barra, fornecedor, descricao, preco) VALUES ('12364', NULL, 'SUTIÃ CETINETE REFORÇADO 1123528', 55);
INSERT INTO produto (cod_barra, fornecedor, descricao, preco) VALUES ('12365', NULL, 'SUTIÃ BASE CETINETE BOJO RENDA 1123592', 58);
INSERT INTO produto (cod_barra, fornecedor, descricao, preco) VALUES ('12366', NULL, 'SUTIÃ GOUFRE SEM BOJO 1170002', 38);
INSERT INTO produto (cod_barra, fornecedor, descricao, preco) VALUES ('12367', NULL, 'CAMISETE SEM BOJO CET MODELADO 1277007', 68);
INSERT INTO produto (cod_barra, fornecedor, descricao, preco) VALUES ('12368', NULL, 'SUTIÃ SEM BOJO PLUS SIZE 9161000', 39);
INSERT INTO produto (cod_barra, fornecedor, descricao, preco) VALUES ('12369', NULL, 'SUTIÃ COM TULE 8098000', 28);
INSERT INTO produto (cod_barra, fornecedor, descricao, preco) VALUES ('12370', NULL, 'CALCINHA SENHORA COTTON 6 REAIS', 6);
INSERT INTO produto (cod_barra, fornecedor, descricao, preco) VALUES ('12371', NULL, 'FIO COM RENDA BABADO 20627', 10);
INSERT INTO produto (cod_barra, fornecedor, descricao, preco) VALUES ('12372', NULL, 'TANGA COM RENDA 19687', 10);
INSERT INTO produto (cod_barra, fornecedor, descricao, preco) VALUES ('12373', NULL, 'FIO COM RENDA 20628', 10);
INSERT INTO produto (cod_barra, fornecedor, descricao, preco) VALUES ('12374', NULL, 'CALCINHA BOX RENDA GENESIS', 12);
INSERT INTO produto (cod_barra, fornecedor, descricao, preco) VALUES ('12375', NULL, 'CALÇA CLASSIC CINTURA ALTA 865010', 32);
INSERT INTO produto (cod_barra, fornecedor, descricao, preco) VALUES ('12376', 10, 'SAÍDA DE PRAIA ALAGUA', 35);
INSERT INTO produto (cod_barra, fornecedor, descricao, preco) VALUES ('12377', 13, 'SHORT MICROFIBRA COM RENDA 0018', 20);
INSERT INTO produto (cod_barra, fornecedor, descricao, preco) VALUES ('12378', NULL, 'FIO DENTAL CONFORT 81504', 20);
INSERT INTO produto (cod_barra, fornecedor, descricao, preco) VALUES ('12379', NULL, 'MODELADOR EXITO 1386', 60);
INSERT INTO produto (cod_barra, fornecedor, descricao, preco) VALUES ('12380', NULL, 'SUTIA CELESTE CONFORT 10042', 28);
INSERT INTO produto (cod_barra, fornecedor, descricao, preco) VALUES ('12382', NULL, 'SUTIA AMAMENTAÇÃO CONFORT COTTON 10039', 48);
INSERT INTO produto (cod_barra, fornecedor, descricao, preco) VALUES ('12383', NULL, 'SUTIA LIDIELY LINGERIE 5946', 35);
INSERT INTO produto (cod_barra, fornecedor, descricao, preco) VALUES ('12384', NULL, 'SUTIA RENDA/GRAPIADO 8098 GG', 35);
INSERT INTO produto (cod_barra, fornecedor, descricao, preco) VALUES ('12385', NULL, 'SUTIA MICROFIBRA 9081000', 35);
INSERT INTO produto (cod_barra, fornecedor, descricao, preco) VALUES ('12386', NULL, 'SUTIA CALIFORNIA 35 REAIS', 35);
INSERT INTO produto (cod_barra, fornecedor, descricao, preco) VALUES ('12388', NULL, 'SUTIA CINDERELLY 28 REAIS', 28);
INSERT INTO produto (cod_barra, fornecedor, descricao, preco) VALUES ('12389', NULL, 'SUTIA STARJANE 32428', 28);
INSERT INTO produto (cod_barra, fornecedor, descricao, preco) VALUES ('12390', NULL, 'SUTIA NADADOR COM BOJO 804104', 28);
INSERT INTO produto (cod_barra, fornecedor, descricao, preco) VALUES ('12391', NULL, 'SUTIA DETALHES DIVERSOS', 28);
INSERT INTO produto (cod_barra, fornecedor, descricao, preco) VALUES ('12392', NULL, 'SUTIA LIMA DIVERSOS', 25);
INSERT INTO produto (cod_barra, fornecedor, descricao, preco) VALUES ('12393', NULL, 'SUTIA PATY DIVERSOS', 28);
INSERT INTO produto (cod_barra, fornecedor, descricao, preco) VALUES ('12394', NULL, 'SUTIA HARDY LINGERIE DIVERSOS', 28);
INSERT INTO produto (cod_barra, fornecedor, descricao, preco) VALUES ('12395', NULL, 'SUTIA TQC PLUS SIZE 30057', 35);
INSERT INTO produto (cod_barra, fornecedor, descricao, preco) VALUES ('12396', NULL, 'TOP ADULTO NEEDFEEL TOP-S022', 15);
INSERT INTO produto (cod_barra, fornecedor, descricao, preco) VALUES ('12397', NULL, 'SAIDA DE PRAIA 60 REAIS', 60);
INSERT INTO produto (cod_barra, fornecedor, descricao, preco) VALUES ('12398', NULL, 'TOP VENTUNO DIVERSOS', 15);
INSERT INTO produto (cod_barra, fornecedor, descricao, preco) VALUES ('12399', NULL, 'TOP ADULTO NEEDFEEL TOP-S007', 15);
INSERT INTO produto (cod_barra, fornecedor, descricao, preco) VALUES ('12400', NULL, 'TOP NADADORPLUS 10033', 0);
INSERT INTO produto (cod_barra, fornecedor, descricao, preco) VALUES ('12401', NULL, 'SUTIA LIDIELY 4179', 58);
INSERT INTO produto (cod_barra, fornecedor, descricao, preco) VALUES ('12402', NULL, 'CONJ NADADOR CALÇA TELA RENDA 134145', 60);
INSERT INTO produto (cod_barra, fornecedor, descricao, preco) VALUES ('12403', NULL, 'CONJ NADADOR CALÇA TELA RENDA 134145', 60);
INSERT INTO produto (cod_barra, fornecedor, descricao, preco) VALUES ('12404', NULL, 'CONJ MF LISA RENDA COMB 5283031', 60);
INSERT INTO produto (cod_barra, fornecedor, descricao, preco) VALUES ('12405', NULL, 'CONJ BASE CALÇA RENDA 130149', 60);
INSERT INTO produto (cod_barra, fornecedor, descricao, preco) VALUES ('12406', NULL, 'CONJ PUSHUP E CALECON EST 13519', 60);
INSERT INTO produto (cod_barra, fornecedor, descricao, preco) VALUES ('12407', NULL, 'CONJ NADADOR CALÇA RENDINHA 14251', 60);
INSERT INTO produto (cod_barra, fornecedor, descricao, preco) VALUES ('12408', NULL, 'CONJ PUSHUP BALCONET CALÇA EST 142144', 60);
INSERT INTO produto (cod_barra, fornecedor, descricao, preco) VALUES ('12409', 20, 'FAIXA COM TALA DLINY', 42);
INSERT INTO produto (cod_barra, fornecedor, descricao, preco) VALUES ('12410', NULL, 'SUTIÃ PROMOÇÃO 15 REAIS', 15);
INSERT INTO produto (cod_barra, fornecedor, descricao, preco) VALUES ('12411', NULL, 'CUECA BOX OVERDRESS', 15);
INSERT INTO produto (cod_barra, fornecedor, descricao, preco) VALUES ('12412', NULL, 'CUECA BOX JUVENIL', 10);
INSERT INTO produto (cod_barra, fornecedor, descricao, preco) VALUES ('12413', NULL, 'BIQUINI INFANTIL 20103', 55);
INSERT INTO produto (cod_barra, fornecedor, descricao, preco) VALUES ('12414', NULL, 'BIQUINI INFANTIL 2020', 48);
INSERT INTO produto (cod_barra, fornecedor, descricao, preco) VALUES ('12415', NULL, 'IBIQUINI INFABTIL 2012', 38);
INSERT INTO produto (cod_barra, fornecedor, descricao, preco) VALUES ('12416', NULL, 'MODELADOR COM BOJO 4002', 75);
INSERT INTO produto (cod_barra, fornecedor, descricao, preco) VALUES ('12417', NULL, 'CALCINHA INFANTIL JOEVI', 8);
INSERT INTO produto (cod_barra, fornecedor, descricao, preco) VALUES ('12418', NULL, 'SUTIÃ BAS. COMUM MICRO 7210003', 15);
INSERT INTO produto (cod_barra, fornecedor, descricao, preco) VALUES ('12419', 20, 'MODELADOR COMPLETO BOJO 4003', 75);
INSERT INTO produto (cod_barra, fornecedor, descricao, preco) VALUES ('12422', NULL, 'CORPETE SEM BOJO 4005', 68);
INSERT INTO produto (cod_barra, fornecedor, descricao, preco) VALUES ('12423', NULL, 'CAMISETE SEM BOJO 4004', 68);
INSERT INTO produto (cod_barra, fornecedor, descricao, preco) VALUES ('12424', NULL, 'MODELADOR COMPLETO SEM BOJO', 75);
INSERT INTO produto (cod_barra, fornecedor, descricao, preco) VALUES ('12425', NULL, 'MODELADOR BÁSICO 4002', 68);
INSERT INTO produto (cod_barra, fornecedor, descricao, preco) VALUES ('12427', NULL, 'SUTIÃ MOLDADO NADADOR 040121', 35);
INSERT INTO produto (cod_barra, fornecedor, descricao, preco) VALUES ('12429', NULL, 'CALÇA PÓS PARTO 4010A', 48);
INSERT INTO produto (cod_barra, fornecedor, descricao, preco) VALUES ('12430', NULL, 'SUTIÃ MOLDADO 4012', 15);
INSERT INTO produto (cod_barra, fornecedor, descricao, preco) VALUES ('12431', NULL, 'SUTIÃ REFORÇADO 4011A', 25);
INSERT INTO produto (cod_barra, fornecedor, descricao, preco) VALUES ('12432', NULL, 'TANGA ALTO 40091', 35);
INSERT INTO produto (cod_barra, fornecedor, descricao, preco) VALUES ('12434', NULL, 'SUTIÃ NADADOR COM BOJO', 28);
INSERT INTO produto (cod_barra, fornecedor, descricao, preco) VALUES ('12435', NULL, 'SUTIÃ BÁISCO COM BOJO', 28);
INSERT INTO produto (cod_barra, fornecedor, descricao, preco) VALUES ('12436', 12, 'BIQUINI ENCANTO DA SEREIA', 69);
INSERT INTO produto (cod_barra, fornecedor, descricao, preco) VALUES ('12438', NULL, 'BIQUINI ADULTO PROMOÇÃO 25 REAIS', 25);
INSERT INTO produto (cod_barra, fornecedor, descricao, preco) VALUES ('12439', NULL, 'SUTIÃ NADADOR CETINETE 119101', 38);
INSERT INTO produto (cod_barra, fornecedor, descricao, preco) VALUES ('12440', 16, 'CALÇOLA CETINETE 2491', 29);
INSERT INTO produto (cod_barra, fornecedor, descricao, preco) VALUES ('12441', 16, 'CINTURITA POWER 31901', 149);
INSERT INTO produto (cod_barra, fornecedor, descricao, preco) VALUES ('12442', NULL, 'SUTIÃ PROMOÇÃO 25 REAIS', 25);
INSERT INTO produto (cod_barra, fornecedor, descricao, preco) VALUES ('12443', NULL, 'TOP COM BOJO DIORE', 58);
INSERT INTO produto (cod_barra, fornecedor, descricao, preco) VALUES ('12444', 12, 'MODELADOR DIORE ROSSET', 75);
INSERT INTO produto (cod_barra, fornecedor, descricao, preco) VALUES ('12445', 12, 'CAMISETE DIORE ROSSET', 68);
INSERT INTO produto (cod_barra, fornecedor, descricao, preco) VALUES ('12446', 12, 'CALÇA ALTA ROSSET', 48);
INSERT INTO produto (cod_barra, fornecedor, descricao, preco) VALUES ('12447', 12, 'CALÇA CINTA DIORE', 29);
INSERT INTO produto (cod_barra, fornecedor, descricao, preco) VALUES ('12448', NULL, 'BABYDOLL ALG ALÇA DREAM 10438', 45);
INSERT INTO produto (cod_barra, fornecedor, descricao, preco) VALUES ('12449', NULL, 'BABYDOLL PV REGATA LISTA MINI ME 10450', 45);
INSERT INTO produto (cod_barra, fornecedor, descricao, preco) VALUES ('12450', NULL, 'BABYDOLL PV ALÇA KISS 10470', 39);
INSERT INTO produto (cod_barra, fornecedor, descricao, preco) VALUES ('12451', NULL, 'BABYDOLL PV REGATA KISS 10471', 39);
INSERT INTO produto (cod_barra, fornecedor, descricao, preco) VALUES ('12452', NULL, 'CAMISOLA PV GARDEN 30419', 58);
INSERT INTO produto (cod_barra, fornecedor, descricao, preco) VALUES ('12453', NULL, 'CAMISOLA ALG RENDA BORBOLETA 30420', 58);
INSERT INTO produto (cod_barra, fornecedor, descricao, preco) VALUES ('12454', NULL, 'CAMISOLA ALG ABERTA CLÁSSICA 30444', 58);
INSERT INTO produto (cod_barra, fornecedor, descricao, preco) VALUES ('12455', 11, 'BABYDOLL LIGANETE SENSUALY 5142', 55);
INSERT INTO produto (cod_barra, fornecedor, descricao, preco) VALUES ('12456', NULL, 'BABYDOLL LIGANETE FELITE 5144', 55);
INSERT INTO produto (cod_barra, fornecedor, descricao, preco) VALUES ('12457', NULL, 'CAMISOLA LIGANETE NOIVA 5340', 58);
INSERT INTO produto (cod_barra, fornecedor, descricao, preco) VALUES ('12458', NULL, 'CAMISOLA LIGANETE LUNA 5341', 58);
INSERT INTO produto (cod_barra, fornecedor, descricao, preco) VALUES ('12459', NULL, 'CAMISOLA LIGANETE SENSUALY 5342', 58);
INSERT INTO produto (cod_barra, fornecedor, descricao, preco) VALUES ('12460', NULL, 'CAMISOLA LIGANETE FELITE 5344', 58);
INSERT INTO produto (cod_barra, fornecedor, descricao, preco) VALUES ('12461', NULL, 'CAMISOLA LIGANETE REGATA 5345', 58);
INSERT INTO produto (cod_barra, fornecedor, descricao, preco) VALUES ('12462', NULL, 'CAMISOLA LIGANETE PALA 5350', 58);
INSERT INTO produto (cod_barra, fornecedor, descricao, preco) VALUES ('12463', 31, 'BIQUINI AREIA DO MAR', 38);
INSERT INTO produto (cod_barra, fornecedor, descricao, preco) VALUES ('12464', NULL, 'CAMISOLA PALA ESTAMPADA EXTRA G ', 45);
INSERT INTO produto (cod_barra, fornecedor, descricao, preco) VALUES ('12465', NULL, 'CONJUNTO COLEGIAL EST 320014', 20);
INSERT INTO produto (cod_barra, fornecedor, descricao, preco) VALUES ('12466', NULL, 'SUTIÃ SUSTENTAÇÃO 7210008', 25);
INSERT INTO produto (cod_barra, fornecedor, descricao, preco) VALUES ('12467', NULL, 'MAIÔ HIDROGINÁSTICA', 75);
INSERT INTO produto (cod_barra, fornecedor, descricao, preco) VALUES ('12468', NULL, 'BIQUINI BOJO GABY', 68);
INSERT INTO produto (cod_barra, fornecedor, descricao, preco) VALUES ('12469', NULL, 'BIQUINI MANGA LONGA INF', 55);
INSERT INTO produto (cod_barra, fornecedor, descricao, preco) VALUES ('12470', 4, 'BIQUINI INF DELMAR', 45);
INSERT INTO produto (cod_barra, fornecedor, descricao, preco) VALUES ('12471', 4, 'SUNGA ADULTO DELMAR', 36);
INSERT INTO produto (cod_barra, fornecedor, descricao, preco) VALUES ('12472', 4, 'SUNGA INFANTIL DELMAR', 26);
INSERT INTO produto (cod_barra, fornecedor, descricao, preco) VALUES ('12473', 10, 'SAÍDA DE PRAIA LONGA', 60);
INSERT INTO produto (cod_barra, fornecedor, descricao, preco) VALUES ('12474', NULL, 'CAMISOLA LIGANETE 1010082', 65);
INSERT INTO produto (cod_barra, fornecedor, descricao, preco) VALUES ('12475', NULL, 'FIO C TIRAS LATERAIS 20444', 12);
INSERT INTO produto (cod_barra, fornecedor, descricao, preco) VALUES ('12477', NULL, 'MAIÔ KINWAY 52247', 58);
INSERT INTO produto (cod_barra, fornecedor, descricao, preco) VALUES ('12478', 32, 'MAIÔ KINWAY 50409', 85);
INSERT INTO produto (cod_barra, fornecedor, descricao, preco) VALUES ('12479', NULL, 'MAIÔ KINWAY 5026 GG', 88);
INSERT INTO produto (cod_barra, fornecedor, descricao, preco) VALUES ('12480', NULL, 'BLUSA XUYA FASHION', 20);
INSERT INTO produto (cod_barra, fornecedor, descricao, preco) VALUES ('12481', NULL, 'KIT FIO DENTAL VARIADA 5034', 12);
INSERT INTO produto (cod_barra, fornecedor, descricao, preco) VALUES ('12482', 17, 'CALÇA MICRO FIBRA PERS 1013', 15);
INSERT INTO produto (cod_barra, fornecedor, descricao, preco) VALUES ('12483', NULL, 'CALÇA PERS COTTON 1014', 12);
INSERT INTO produto (cod_barra, fornecedor, descricao, preco) VALUES ('12484', NULL, 'CALÇA CINT STRAP 1645', 12);
INSERT INTO produto (cod_barra, fornecedor, descricao, preco) VALUES ('12485', 19, 'BERMUDA MODELADORA 86600', 75);
INSERT INTO produto (cod_barra, fornecedor, descricao, preco) VALUES ('12486', 19, 'CALÇA CONFORT 85600', 60);
INSERT INTO produto (cod_barra, fornecedor, descricao, preco) VALUES ('12487', 19, 'CALÇA SCULP CONFORT 805201', 58);
INSERT INTO produto (cod_barra, fornecedor, descricao, preco) VALUES ('12488', 19, 'CALÇA ABDOMINAL 803204', 60);
INSERT INTO produto (cod_barra, fornecedor, descricao, preco) VALUES ('12489', 19, 'CALÇA FAIXA 85601', 48);
INSERT INTO produto (cod_barra, fornecedor, descricao, preco) VALUES ('12490', 19, 'BIQUINI FAIXA 87601', 65);
INSERT INTO produto (cod_barra, fornecedor, descricao, preco) VALUES ('note', 12, 'BABYDOLL 15 REAIS PROMOÇÃO', 15);
INSERT INTO produto (cod_barra, fornecedor, descricao, preco) VALUES ('12492', NULL, 'CAMISOLA 15 REAIS PROMOÇÃO', 15);
INSERT INTO produto (cod_barra, fornecedor, descricao, preco) VALUES ('12493', NULL, 'CONJUNTO RENDA 1722', 38);
INSERT INTO produto (cod_barra, fornecedor, descricao, preco) VALUES ('12494', NULL, 'CONJUNTO 1727', 38);
INSERT INTO produto (cod_barra, fornecedor, descricao, preco) VALUES ('12495', NULL, 'CONJUNTO 1716', 38);
INSERT INTO produto (cod_barra, fornecedor, descricao, preco) VALUES ('12496', NULL, 'CONJUNTO 1718', 38);
INSERT INTO produto (cod_barra, fornecedor, descricao, preco) VALUES ('12497', NULL, 'SUTIÃ REFORÇADO', 45);
INSERT INTO produto (cod_barra, fornecedor, descricao, preco) VALUES ('12498', NULL, 'SUTIÃ AMAMENTAÇÃO', 48);
INSERT INTO produto (cod_barra, fornecedor, descricao, preco) VALUES ('12499', NULL, 'TOP SEGUNDA PELE 1573', 28);
INSERT INTO produto (cod_barra, fornecedor, descricao, preco) VALUES ('12500', 22, 'CALCINHA BOX', 22);
INSERT INTO produto (cod_barra, fornecedor, descricao, preco) VALUES ('12501', NULL, 'CONJUNTO PALA LARGA 5662', 48);
INSERT INTO produto (cod_barra, fornecedor, descricao, preco) VALUES ('12502', NULL, 'CALÇA CETINETE FRENTE RENDA 22900', 32);
INSERT INTO produto (cod_barra, fornecedor, descricao, preco) VALUES ('12503', 16, 'CALÇA SHORT SUSTENTAÇÃO 2493', 65);
INSERT INTO produto (cod_barra, fornecedor, descricao, preco) VALUES ('12504', 16, 'BODY MODELADOR TQC RENDA 339415', 78);
INSERT INTO produto (cod_barra, fornecedor, descricao, preco) VALUES ('12505', 16, 'CAMISETE MODELADOR RENDA 339425', 75);
INSERT INTO produto (cod_barra, fornecedor, descricao, preco) VALUES ('12506', NULL, 'BODY PREMOLDADO FIO CETINETE 739100', 75);
INSERT INTO produto (cod_barra, fornecedor, descricao, preco) VALUES ('12507', 16, 'BODY SUSTENTAÇÃO ALÇA FIXA 739102', 78);
INSERT INTO produto (cod_barra, fornecedor, descricao, preco) VALUES ('12508', NULL, 'CALÇA FIO VERONICA 4072000', 8);
INSERT INTO produto (cod_barra, fornecedor, descricao, preco) VALUES ('12509', NULL, 'BLUSA', 35);
INSERT INTO produto (cod_barra, fornecedor, descricao, preco) VALUES ('12510', NULL, 'BLUSA', 28);
INSERT INTO produto (cod_barra, fornecedor, descricao, preco) VALUES ('12511', NULL, 'BLUSA', 25);
INSERT INTO produto (cod_barra, fornecedor, descricao, preco) VALUES ('12512', NULL, 'TOP INFANTIL NEEDFEEL TIN-S007', 10);
INSERT INTO produto (cod_barra, fornecedor, descricao, preco) VALUES ('12513', NULL, 'CUECA BOX ADL 001', 15);
INSERT INTO produto (cod_barra, fornecedor, descricao, preco) VALUES ('12514', NULL, 'CALCINHA ZEE RUCCI ZR0202005C558', 9);
INSERT INTO produto (cod_barra, fornecedor, descricao, preco) VALUES ('12515', NULL, 'CALCINHA ZEE RUCCI ZR0202005C122', 9);
INSERT INTO produto (cod_barra, fornecedor, descricao, preco) VALUES ('12516', NULL, 'CALÇA RENDA ROSY', 9);
INSERT INTO produto (cod_barra, fornecedor, descricao, preco) VALUES ('12517', NULL, 'TOP NADADOR PLUS 10033', 48);
INSERT INTO produto (cod_barra, fornecedor, descricao, preco) VALUES ('12518', NULL, 'TOP SEM BOJO NEEDFEEL TOP-S022', 15);
INSERT INTO produto (cod_barra, fornecedor, descricao, preco) VALUES ('12519', NULL, 'FIO COM RENDA 20695', 12);
INSERT INTO produto (cod_barra, fornecedor, descricao, preco) VALUES ('12520', NULL, 'CALCINHA COM RENDA 15554', 10);
INSERT INTO produto (cod_barra, fornecedor, descricao, preco) VALUES ('12521', NULL, 'KIT FIO DENTAL VARIADA 4791', 12);
INSERT INTO produto (cod_barra, fornecedor, descricao, preco) VALUES ('12522', 5, 'FIO DENTAL COM RENDA 121213', 15);
INSERT INTO produto (cod_barra, fornecedor, descricao, preco) VALUES ('12523', 5, 'CALÇA COM RENDA 121214', 15);
INSERT INTO produto (cod_barra, fornecedor, descricao, preco) VALUES ('12524', 5, 'CALÇA COTTON ELAST COS 121233', 9);
INSERT INTO produto (cod_barra, fornecedor, descricao, preco) VALUES ('12525', 5, 'FIO DENTAL MESCLA RENDA 172090', 15);
INSERT INTO produto (cod_barra, fornecedor, descricao, preco) VALUES ('12526', 5, 'FIO DENTAL 1201815', 15);
INSERT INTO produto (cod_barra, fornecedor, descricao, preco) VALUES ('12527', 5, 'CALÇA LATERAL DUPLA 1201816', 15);
INSERT INTO produto (cod_barra, fornecedor, descricao, preco) VALUES ('12528', 5, 'FIO DENTAL PS 1201835', 15);
INSERT INTO produto (cod_barra, fornecedor, descricao, preco) VALUES ('12529', 5, 'BLUSA SEGUNDA PELE 71600', 28);
INSERT INTO produto (cod_barra, fornecedor, descricao, preco) VALUES ('12530', NULL, 'FIO COM RENDA NAS COSSY 20331', 12);
INSERT INTO produto (cod_barra, fornecedor, descricao, preco) VALUES ('12531', NULL, 'FIO BOMBOM COM RENDA 20508', 12);
INSERT INTO produto (cod_barra, fornecedor, descricao, preco) VALUES ('12532', NULL, 'FIO COM DOBRAO E RENDA 20736', 12);
INSERT INTO produto (cod_barra, fornecedor, descricao, preco) VALUES ('12533', NULL, 'FIO COM RENDA 20738', 12);
INSERT INTO produto (cod_barra, fornecedor, descricao, preco) VALUES ('12534', NULL, 'FIO COM RENDA 20737', 12);
INSERT INTO produto (cod_barra, fornecedor, descricao, preco) VALUES ('12535', NULL, 'SUTIÃ ESTEFANNY', 25);
INSERT INTO produto (cod_barra, fornecedor, descricao, preco) VALUES ('12536', NULL, 'SUTIÃ ESTILOSA UNDERWEAR 0068', 25);
INSERT INTO produto (cod_barra, fornecedor, descricao, preco) VALUES ('12537', NULL, 'SUTIÃ ESTILOSA UNDERWEAR 0111', 25);
INSERT INTO produto (cod_barra, fornecedor, descricao, preco) VALUES ('12538', NULL, 'SUTIÃ ESTILOSA UNDERWEAR 0117', 25);
INSERT INTO produto (cod_barra, fornecedor, descricao, preco) VALUES ('12539', NULL, 'SUTIÃ ESTILOSA UNDERWEAR 0127', 25);
INSERT INTO produto (cod_barra, fornecedor, descricao, preco) VALUES ('12540', NULL, 'SUTIÃ ESTILOSA UNDERWEAR 0043', 25);
INSERT INTO produto (cod_barra, fornecedor, descricao, preco) VALUES ('12541', NULL, 'SUTIÃ ESTILOSA UNDERWEAR 0061', 25);
INSERT INTO produto (cod_barra, fornecedor, descricao, preco) VALUES ('12542', NULL, 'CALÇA DE PALA PLUS 22013', 29);
INSERT INTO produto (cod_barra, fornecedor, descricao, preco) VALUES ('12543', NULL, 'CONJUNTO CINDERELLY 8084', 38);
INSERT INTO produto (cod_barra, fornecedor, descricao, preco) VALUES ('12544', NULL, 'CONJUNTO MICROFIBRA RENDA 8099', 38);
INSERT INTO produto (cod_barra, fornecedor, descricao, preco) VALUES ('12545', NULL, 'CONJUNTO RENDA GRAPEADO 8086', 38);
INSERT INTO produto (cod_barra, fornecedor, descricao, preco) VALUES ('12546', NULL, 'CONJUNTO FIO DE RENDA 80100', 38);
INSERT INTO produto (cod_barra, fornecedor, descricao, preco) VALUES ('12547', 6, 'CONJUNTO RENDA GRAPIADO 8098', 38);
INSERT INTO produto (cod_barra, fornecedor, descricao, preco) VALUES ('12549', NULL, 'CONJUNTO ESTILOSA 001', 38);
INSERT INTO produto (cod_barra, fornecedor, descricao, preco) VALUES ('12550', NULL, 'CONJUNTO D''MIMUS', 38);
INSERT INTO produto (cod_barra, fornecedor, descricao, preco) VALUES ('12551', NULL, 'CONJUNTO ESTILOSA 0040', 38);
INSERT INTO produto (cod_barra, fornecedor, descricao, preco) VALUES ('12552', NULL, 'CONJUNTO ESTILOSA 0011', 38);
INSERT INTO produto (cod_barra, fornecedor, descricao, preco) VALUES ('12554', NULL, 'BIQUINI D BRONZE 2725', 55);
INSERT INTO produto (cod_barra, fornecedor, descricao, preco) VALUES ('12555', NULL, 'BIQUINI INFANTIL 20116', 55);
INSERT INTO produto (cod_barra, fornecedor, descricao, preco) VALUES ('12556', NULL, 'CALÇA LEGGING 30CM 104007', 28);
INSERT INTO produto (cod_barra, fornecedor, descricao, preco) VALUES ('12557', 26, 'CALCINHA FIO DENTAL 101001', 22);
INSERT INTO produto (cod_barra, fornecedor, descricao, preco) VALUES ('12558', 26, 'CALCINHA REDUTORA ALTA 101011', 48);
INSERT INTO produto (cod_barra, fornecedor, descricao, preco) VALUES ('12559', 26, 'CALCINHA REDUTORA ALTA FIO DENTAL 101014', 42);
INSERT INTO produto (cod_barra, fornecedor, descricao, preco) VALUES ('12560', 26, 'CALCINHA TANGA 101003', 18);
INSERT INTO produto (cod_barra, fornecedor, descricao, preco) VALUES ('12561', 26, 'CUECA BOX CANELADA 103002', 24);
INSERT INTO produto (cod_barra, fornecedor, descricao, preco) VALUES ('12562', 26, 'SUTIÃ FAOXA 102003', 18);
INSERT INTO produto (cod_barra, fornecedor, descricao, preco) VALUES ('12563', 26, 'SUTIÃ REFORÇO 102002', 25);
INSERT INTO produto (cod_barra, fornecedor, descricao, preco) VALUES ('12564', 26, 'SUTIÃ TOP REFORÇO 102004', 32);
INSERT INTO produto (cod_barra, fornecedor, descricao, preco) VALUES ('12565', 3, 'CONJUNTO INF ESTAMPADO 3210014', 20);
INSERT INTO produto (cod_barra, fornecedor, descricao, preco) VALUES ('12566', NULL, 'BABYDOLL PROMOÇÃO 10 REAIS', 10);
INSERT INTO produto (cod_barra, fornecedor, descricao, preco) VALUES ('12567', NULL, 'CALCINHA TANGA PROMOÇÃO 5 REAIS', 5);
INSERT INTO produto (cod_barra, fornecedor, descricao, preco) VALUES ('12568', NULL, 'SUTIÃ PLUS CALIFÓRNIA', 42);
INSERT INTO produto (cod_barra, fornecedor, descricao, preco) VALUES ('12569', 15, 'BOX JUVENIL NEEDFEEL CB-INF-009', 10);
INSERT INTO produto (cod_barra, fornecedor, descricao, preco) VALUES ('12570', NULL, 'TOP COM BOJO C047', 28);
INSERT INTO produto (cod_barra, fornecedor, descricao, preco) VALUES ('12571', 15, 'TOP JUVENIL TIN-S011', 10);
INSERT INTO produto (cod_barra, fornecedor, descricao, preco) VALUES ('12572', NULL, 'CUECA AMORARMA CM-5LT-62Q', 10);
INSERT INTO produto (cod_barra, fornecedor, descricao, preco) VALUES ('12573', 3, 'CALÇA MODAL ADULTA 1210009', 8);
INSERT INTO produto (cod_barra, fornecedor, descricao, preco) VALUES ('12574', NULL, 'CAMISOLA REGATA', 29);
INSERT INTO produto (cod_barra, fornecedor, descricao, preco) VALUES ('12575', 17, 'CALÇOLA COTTON PALA RENDA 1144', 18);
INSERT INTO produto (cod_barra, fornecedor, descricao, preco) VALUES ('12576', NULL, 'CUECA JUVENIL CIB-M01-29Q', 10);
INSERT INTO produto (cod_barra, fornecedor, descricao, preco) VALUES ('12577', NULL, 'TOP COM BOJO NEEDFEEL TOP-C045', 28);
INSERT INTO produto (cod_barra, fornecedor, descricao, preco) VALUES ('12578', NULL, 'CAMISOLA REBECA 1010083', 65);
INSERT INTO produto (cod_barra, fornecedor, descricao, preco) VALUES ('12579', NULL, 'RV MODA NOITE 1010081', 65);
INSERT INTO produto (cod_barra, fornecedor, descricao, preco) VALUES ('12580', NULL, 'BIQ AD CALÇA TANGA SUT CORT 3143', 48);
INSERT INTO produto (cod_barra, fornecedor, descricao, preco) VALUES ('12581', NULL, 'SUTIÃ RENDADO 8083000', 28);
INSERT INTO produto (cod_barra, fornecedor, descricao, preco) VALUES ('12582', NULL, 'CAMISOLA LIGANETE COM BABADO', 42);
INSERT INTO produto (cod_barra, fornecedor, descricao, preco) VALUES ('12583', NULL, 'CAMISOLA COM ALÇA PROMOÇÃO 10 REAIS', 10);
INSERT INTO produto (cod_barra, fornecedor, descricao, preco) VALUES ('12584', 20, 'BUNDEX 4014', 35);
INSERT INTO produto (cod_barra, fornecedor, descricao, preco) VALUES ('12585', 20, 'MODELADOR CCB 4003A', 85);
INSERT INTO produto (cod_barra, fornecedor, descricao, preco) VALUES ('12586', NULL, 'CINTURA 4007', 42);
INSERT INTO produto (cod_barra, fornecedor, descricao, preco) VALUES ('12587', NULL, 'SUTIÃ RENDA 1722', 28);
INSERT INTO produto (cod_barra, fornecedor, descricao, preco) VALUES ('12588', NULL, 'CALCINHA RENDA 1722', 10);
INSERT INTO produto (cod_barra, fornecedor, descricao, preco) VALUES ('12590', NULL, 'CALCINHA MICROFIBRA 1727', 10);
INSERT INTO produto (cod_barra, fornecedor, descricao, preco) VALUES ('12591', 6, 'CALCINHA CINDERELLY 8097', 10);
INSERT INTO produto (cod_barra, fornecedor, descricao, preco) VALUES ('12592', 16, 'CAMISETE BÁSICO 31911', 68);
INSERT INTO produto (cod_barra, fornecedor, descricao, preco) VALUES ('12593', 16, 'BODY MODELADOR 71941', 68);
INSERT INTO produto (cod_barra, fornecedor, descricao, preco) VALUES ('12594', NULL, 'SUTIÃ CETINETE 139101', 55);
INSERT INTO produto (cod_barra, fornecedor, descricao, preco) VALUES ('12595', 18, 'SHORT MICROFIBRA REBATIDO 205', 20);
INSERT INTO produto (cod_barra, fornecedor, descricao, preco) VALUES ('12596', NULL, 'CALÇA RENDA 2012C/2018C', 18);
INSERT INTO produto (cod_barra, fornecedor, descricao, preco) VALUES ('12597', 11, 'CAMISOLA ALG AMAMENT DOG 30315', 58);
INSERT INTO produto (cod_barra, fornecedor, descricao, preco) VALUES ('12598', NULL, 'CAMISOLA ALG ALÇA FUNDO MAR 30465', 45);
INSERT INTO produto (cod_barra, fornecedor, descricao, preco) VALUES ('12599', NULL, 'BABYDOLL LIGANETE LUNA 5141', 55);
INSERT INTO produto (cod_barra, fornecedor, descricao, preco) VALUES ('12600', NULL, 'CALCINHA FIO ISIS 215', 10);
INSERT INTO produto (cod_barra, fornecedor, descricao, preco) VALUES ('12601', NULL, 'CALCINHA FIO LAÇO 216', 8);
INSERT INTO produto (cod_barra, fornecedor, descricao, preco) VALUES ('12602', 6, 'SUTIÃ CINDERELLY 8097', 28);
INSERT INTO produto (cod_barra, fornecedor, descricao, preco) VALUES ('12603', NULL, 'CONJUNTO', 38);
INSERT INTO produto (cod_barra, fornecedor, descricao, preco) VALUES ('12604', NULL, 'SUTIÃ SILICONE 1026', 28);
INSERT INTO produto (cod_barra, fornecedor, descricao, preco) VALUES ('12605', NULL, 'SUTIÃ 1220', 35);
INSERT INTO produto (cod_barra, fornecedor, descricao, preco) VALUES ('12606', NULL, 'PEÇA PROMOÇÃO 10 REAIS', 10);
INSERT INTO produto (cod_barra, fornecedor, descricao, preco) VALUES ('12608', 33, 'BIQUINI 6535', 82);
INSERT INTO produto (cod_barra, fornecedor, descricao, preco) VALUES ('12611', NULL, 'SAÍDA DE PRAIA 6540', 68);
INSERT INTO produto (cod_barra, fornecedor, descricao, preco) VALUES ('12613', 7, 'CALCINHA INF 10003107', 5);
INSERT INTO produto (cod_barra, fornecedor, descricao, preco) VALUES ('12614', NULL, 'TOP JUVENIL TIN-S003', 10);
INSERT INTO produto (cod_barra, fornecedor, descricao, preco) VALUES ('12615', NULL, 'TANGA SC-001-2', 15);
INSERT INTO produto (cod_barra, fornecedor, descricao, preco) VALUES ('12616', NULL, 'FIO DENTAL SC-F001-4', 15);
INSERT INTO produto (cod_barra, fornecedor, descricao, preco) VALUES ('12617', NULL, 'CUECA SELENE COTTON', 10);
INSERT INTO produto (cod_barra, fornecedor, descricao, preco) VALUES ('12618', 1, 'BIQUINI AMITAF 65 REAIS', 65);
INSERT INTO produto (cod_barra, fornecedor, descricao, preco) VALUES ('12619', 8, 'CONJUNTO BÁSICO 008', 39);
INSERT INTO produto (cod_barra, fornecedor, descricao, preco) VALUES ('12620', 8, 'TOMARA QUE CAIA BASE RENDA 405', 53);
INSERT INTO produto (cod_barra, fornecedor, descricao, preco) VALUES ('12621', 8, 'CONJUNTO ANA 572', 58);
INSERT INTO produto (cod_barra, fornecedor, descricao, preco) VALUES ('12622', 8, 'CONJUNTO DETALHE GUIPIR ALÇA CALCINHA 680', 58);
INSERT INTO produto (cod_barra, fornecedor, descricao, preco) VALUES ('12623', 8, 'CONJUNTO LARISSA 713', 58);
INSERT INTO produto (cod_barra, fornecedor, descricao, preco) VALUES ('12624', 8, 'CONJUNTO NADADOR TRABALHADO ALÇA REFORÇADA 724', 65);
INSERT INTO produto (cod_barra, fornecedor, descricao, preco) VALUES ('12625', 8, 'TOMARA QUE CAIA REFORÇADO 732', 65);
INSERT INTO produto (cod_barra, fornecedor, descricao, preco) VALUES ('12626', 9, 'SUTIÃ NADADOR RENDA PALA 214', 58);
INSERT INTO produto (cod_barra, fornecedor, descricao, preco) VALUES ('12627', 9, 'SUTIÃ TQC PREGA RENDA 251', 55);
INSERT INTO produto (cod_barra, fornecedor, descricao, preco) VALUES ('12628', 9, 'SUTIÃ TQC BJ RENDA TULE 302', 58);
INSERT INTO produto (cod_barra, fornecedor, descricao, preco) VALUES ('12629', 9, 'SUTIÃ BÁSICO RENDA STRAP 392', 65);
INSERT INTO produto (cod_barra, fornecedor, descricao, preco) VALUES ('12630', 4, 'MAIÔ DELMAR', 68);
INSERT INTO produto (cod_barra, fornecedor, descricao, preco) VALUES ('12631', 10, 'SHORT DE PRAIA ALAGUA', 15);
INSERT INTO produto (cod_barra, fornecedor, descricao, preco) VALUES ('12632', NULL, 'BODY 25 REAIS', 25);
INSERT INTO produto (cod_barra, fornecedor, descricao, preco) VALUES ('12633', NULL, 'MAIÔ KINWAY 1528', 69);
INSERT INTO produto (cod_barra, fornecedor, descricao, preco) VALUES ('12634', 6, 'CALCINHA CINDERELLY 0203038', 10);
INSERT INTO produto (cod_barra, fornecedor, descricao, preco) VALUES ('12635', 3, 'CALÇA INF PV ESTAMPADA 1210002', 6);
INSERT INTO produto (cod_barra, fornecedor, descricao, preco) VALUES ('12636', NULL, 'CALCINHA PROMOÇÃO 2 REAIS', 2);
INSERT INTO produto (cod_barra, fornecedor, descricao, preco) VALUES ('13001', NULL, 'BABYDOLL REGATA COROA 10337', 38);
INSERT INTO produto (cod_barra, fornecedor, descricao, preco) VALUES ('13005', NULL, 'CAMISOLA ALG REG SORVETE 30305', 39);
INSERT INTO produto (cod_barra, fornecedor, descricao, preco) VALUES ('13006', NULL, 'BABYDOLL REG MINNIE 10339', 38);
INSERT INTO produto (cod_barra, fornecedor, descricao, preco) VALUES ('1500', NULL, 'CONJUNTO STRAPPY 220481', 38);
INSERT INTO produto (cod_barra, fornecedor, descricao, preco) VALUES ('15002', NULL, 'CALCINHA COTTON FIO DENTAL', 8);
INSERT INTO produto (cod_barra, fornecedor, descricao, preco) VALUES ('1502', NULL, 'SUTIÃ CETINETE PATY 11911', 38);
INSERT INTO produto (cod_barra, fornecedor, descricao, preco) VALUES ('1505', 16, 'CALÇA REFORÇADA COM RENDA 24912', 39);
INSERT INTO produto (cod_barra, fornecedor, descricao, preco) VALUES ('1506', NULL, 'CALÇA REFORÇADA ALTA 24916', 28);
INSERT INTO produto (cod_barra, fornecedor, descricao, preco) VALUES ('1544', NULL, 'BABYDOLL LIGANETE', 29);
INSERT INTO produto (cod_barra, fornecedor, descricao, preco) VALUES ('1545', NULL, 'CAMISOLA LIGANETE MARIANA 010', 28);
INSERT INTO produto (cod_barra, fornecedor, descricao, preco) VALUES ('1559', NULL, 'SUTIÃ BIANCA GG 37', 30);
INSERT INTO produto (cod_barra, fornecedor, descricao, preco) VALUES ('1603', 12, 'SAMBA CANÇÃO', 18);
INSERT INTO produto (cod_barra, fornecedor, descricao, preco) VALUES ('1606', NULL, 'CINTA MODELADORA 82300', 28);
INSERT INTO produto (cod_barra, fornecedor, descricao, preco) VALUES ('1609', NULL, 'PIJAMA INF 1 A 4 ANOS CURTO', 22);
INSERT INTO produto (cod_barra, fornecedor, descricao, preco) VALUES ('1610', NULL, 'CALÇA CLASSIC 83308', 32);
INSERT INTO produto (cod_barra, fornecedor, descricao, preco) VALUES ('1611', NULL, 'CALÇA CALCINHA ALÁ/DE BRITOS', 18);
INSERT INTO produto (cod_barra, fornecedor, descricao, preco) VALUES ('1613', NULL, 'CONJUNTO ANA PINHEIRO', 35);
INSERT INTO produto (cod_barra, fornecedor, descricao, preco) VALUES ('1626', NULL, 'CALÇA MODELADORA 81300', 22);
INSERT INTO produto (cod_barra, fornecedor, descricao, preco) VALUES ('1632', NULL, 'SUTIÃ MARINEZ 58', 29);
INSERT INTO produto (cod_barra, fornecedor, descricao, preco) VALUES ('1643', NULL, 'BABYDOLL P-G', 28);
INSERT INTO produto (cod_barra, fornecedor, descricao, preco) VALUES ('1678', NULL, 'SUNGA ESTILO SOL (GATA BRONZEADA)', 26);
INSERT INTO produto (cod_barra, fornecedor, descricao, preco) VALUES ('1682', NULL, 'SUTIÃ NADADOR SEM BOJO 11916', 29);
INSERT INTO produto (cod_barra, fornecedor, descricao, preco) VALUES ('1755', NULL, 'CAMISETE BÁSICO MODELADOR 31911', 50);
INSERT INTO produto (cod_barra, fornecedor, descricao, preco) VALUES ('1781', NULL, 'CAMISOLA REGATA POA LIGANETE 5013', 48);
INSERT INTO produto (cod_barra, fornecedor, descricao, preco) VALUES ('1985', NULL, 'CONJUNTO CAMILA 3', 50);
INSERT INTO produto (cod_barra, fornecedor, descricao, preco) VALUES ('1998', NULL, 'SUTIÃ JULIA COTTON 20', 15);
INSERT INTO produto (cod_barra, fornecedor, descricao, preco) VALUES ('2000', NULL, 'SUTIÃ LÍVIA 22', 20);
INSERT INTO produto (cod_barra, fornecedor, descricao, preco) VALUES ('2001', NULL, 'SUTIÃ JULIA TAK 39', 20);
INSERT INTO produto (cod_barra, fornecedor, descricao, preco) VALUES ('2040', NULL, 'CUECA BOX ZEE RUCCI ADULTO', 20);
INSERT INTO produto (cod_barra, fornecedor, descricao, preco) VALUES ('2067', NULL, 'SUTIÃ LINNA 132180', 35);
INSERT INTO produto (cod_barra, fornecedor, descricao, preco) VALUES ('2773', NULL, 'CAMISOLA INFANTIL PP', 15);
INSERT INTO produto (cod_barra, fornecedor, descricao, preco) VALUES ('2889', NULL, 'SHORT SAÍDA DE PRAIA', 10);
INSERT INTO produto (cod_barra, fornecedor, descricao, preco) VALUES ('3140', NULL, 'CAMISOLA LIGANETE CHERIE', 25);
INSERT INTO produto (cod_barra, fornecedor, descricao, preco) VALUES ('3145', NULL, 'BABYDOLL INFANTIL BABADO P-G', 18);
INSERT INTO produto (cod_barra, fornecedor, descricao, preco) VALUES ('3146', NULL, 'BABYDOLL INFANTIL BABADO GG', 23);
INSERT INTO produto (cod_barra, fornecedor, descricao, preco) VALUES ('3267', NULL, 'CUECA COMUM INFANTIL', 4);
INSERT INTO produto (cod_barra, fornecedor, descricao, preco) VALUES ('3289', NULL, 'BABYDOLL LISO COM ALÇA P-G', 23);
INSERT INTO produto (cod_barra, fornecedor, descricao, preco) VALUES ('3412', 12, 'BABYDOLL ADULTO', 20);
INSERT INTO produto (cod_barra, fornecedor, descricao, preco) VALUES ('3417', 12, 'BABYDOLL ESTAMPADO GG', 29);
INSERT INTO produto (cod_barra, fornecedor, descricao, preco) VALUES ('3772', NULL, 'BABYDOLL INFANTIL G', 18);
INSERT INTO produto (cod_barra, fornecedor, descricao, preco) VALUES ('3821', NULL, 'BABYDOLL INFANTIL PP-M', 15);
INSERT INTO produto (cod_barra, fornecedor, descricao, preco) VALUES ('3892', NULL, 'CALCINHA COTTON ADULTO GENESIS', 6);
INSERT INTO produto (cod_barra, fornecedor, descricao, preco) VALUES ('3929', NULL, 'CALCINHA COTTON INFANTIL', 5);
INSERT INTO produto (cod_barra, fornecedor, descricao, preco) VALUES ('4312', NULL, 'BABYDOLL LIGANETE BUSTO 10000939', 38);
INSERT INTO produto (cod_barra, fornecedor, descricao, preco) VALUES ('4872', NULL, 'BABYDOLL ESTAMPADO P-G', 28);
INSERT INTO produto (cod_barra, fornecedor, descricao, preco) VALUES ('4892', NULL, 'CUECA BOX COTTON INF', 7);
INSERT INTO produto (cod_barra, fornecedor, descricao, preco) VALUES ('4929', NULL, 'BABYDOLL REGATA', 25);
INSERT INTO produto (cod_barra, fornecedor, descricao, preco) VALUES ('5123', NULL, 'CAMISOLA DE BABADO ADULTO', 29);
INSERT INTO produto (cod_barra, fornecedor, descricao, preco) VALUES ('5132', NULL, 'BABYDOLL INFANTIL PROMOÇÃO', 10);
INSERT INTO produto (cod_barra, fornecedor, descricao, preco) VALUES ('5622', NULL, 'CAMISOLA DE PALA LISA P-G', 25);
INSERT INTO produto (cod_barra, fornecedor, descricao, preco) VALUES ('5697', NULL, 'CAMISOLA LIGANETE ADULTO', 38);
INSERT INTO produto (cod_barra, fornecedor, descricao, preco) VALUES ('5731', 12, 'CAMISOLA DE PALA ESTAMPADA P-G', 29);
INSERT INTO produto (cod_barra, fornecedor, descricao, preco) VALUES ('5892', NULL, 'CAMISOLA DE PALA GG', 35);
INSERT INTO produto (cod_barra, fornecedor, descricao, preco) VALUES ('6129', NULL, 'CUECA BOX ADULTO', 12);
INSERT INTO produto (cod_barra, fornecedor, descricao, preco) VALUES ('6132', NULL, 'CAMISOLA AMAMENTAR CONFORT 30201', 48);
INSERT INTO produto (cod_barra, fornecedor, descricao, preco) VALUES ('6231', NULL, 'CAMISOLA DE BROCADO ADULTO', 35);
INSERT INTO produto (cod_barra, fornecedor, descricao, preco) VALUES ('6278', NULL, 'PIJAMA INF 10 A 12 ANOS CURTO', 28);
INSERT INTO produto (cod_barra, fornecedor, descricao, preco) VALUES ('6312', NULL, 'CAMISOLA DE AMAMENTAR EMILIA 56', 38);
INSERT INTO produto (cod_barra, fornecedor, descricao, preco) VALUES ('6313', NULL, 'PIJAMA PESCADOR', 45);
INSERT INTO produto (cod_barra, fornecedor, descricao, preco) VALUES ('6423', NULL, 'CAMISOLA DE BUSTO ADULTO', 20);
INSERT INTO produto (cod_barra, fornecedor, descricao, preco) VALUES ('6524', NULL, 'PIJAMA CURTO MASCULINO', 45);
INSERT INTO produto (cod_barra, fornecedor, descricao, preco) VALUES ('6552', NULL, 'PIJAMA CURTO INF 6 A 8 ANOS', 26);
INSERT INTO produto (cod_barra, fornecedor, descricao, preco) VALUES ('6553', NULL, 'PIJAMA INFANTIL 6 A 8 ANOS LONGO', 28);
INSERT INTO produto (cod_barra, fornecedor, descricao, preco) VALUES ('6567', NULL, 'CINTA ALTA SEXKISS BB3363', 22);
INSERT INTO produto (cod_barra, fornecedor, descricao, preco) VALUES ('6568', NULL, 'CALCINHA SEXKISS BB548', 10);
INSERT INTO produto (cod_barra, fornecedor, descricao, preco) VALUES ('6569', NULL, 'CALCINHA AOSINI.DANNA A2992', 10);
INSERT INTO produto (cod_barra, fornecedor, descricao, preco) VALUES ('6571', NULL, 'CAMISOLA COM MANGA ADULTO', 29);
INSERT INTO produto (cod_barra, fornecedor, descricao, preco) VALUES ('6572', NULL, 'CALCINHA AOSINI.DANNA 1335', 10);
INSERT INTO produto (cod_barra, fornecedor, descricao, preco) VALUES ('6573', NULL, 'CALCINHA AOSINI.DANNA 6046', 10);
INSERT INTO produto (cod_barra, fornecedor, descricao, preco) VALUES ('6574', NULL, 'CALCINHA AOSINI.DANNA 6053', 10);
INSERT INTO produto (cod_barra, fornecedor, descricao, preco) VALUES ('6575', NULL, 'CALCINHA DOCE PAIXÃO PO944', 10);
INSERT INTO produto (cod_barra, fornecedor, descricao, preco) VALUES ('6576', NULL, 'CALÇOLA SENHORA BB20', 16);
INSERT INTO produto (cod_barra, fornecedor, descricao, preco) VALUES ('6577', NULL, 'CUECA INFANTIL NEEDFEEL CIBM01', 10);
INSERT INTO produto (cod_barra, fornecedor, descricao, preco) VALUES ('6578', NULL, 'CONJUNTO DUDA LINGERIE 6578', 38);
INSERT INTO produto (cod_barra, fornecedor, descricao, preco) VALUES ('6579', 28, 'SAMBA CANÇÃO PV 6579', 25);
INSERT INTO produto (cod_barra, fornecedor, descricao, preco) VALUES ('6580', NULL, 'CALCINHA MICROFIBRA MEL ROSE', 10);
INSERT INTO produto (cod_barra, fornecedor, descricao, preco) VALUES ('6581', NULL, 'CALCINHA COTTON MEL ROSE', 6);
INSERT INTO produto (cod_barra, fornecedor, descricao, preco) VALUES ('6582', NULL, 'SAÍDA DE PRAIA CIENE', 30);
INSERT INTO produto (cod_barra, fornecedor, descricao, preco) VALUES ('6583', NULL, 'CALCINHA AMORE VICTORIA V1001', 15);
INSERT INTO produto (cod_barra, fornecedor, descricao, preco) VALUES ('6584', NULL, 'CUECA BOX Z&D ADULTO 702', 15);
INSERT INTO produto (cod_barra, fornecedor, descricao, preco) VALUES ('6599', NULL, 'SUTIÃ DUDA LINGERIE', 28);
INSERT INTO produto (cod_barra, fornecedor, descricao, preco) VALUES ('6600', NULL, 'CALCINHA DUDA LINGERIE', 10);
INSERT INTO produto (cod_barra, fornecedor, descricao, preco) VALUES ('6672', NULL, 'CALCINHA SEM COSTURA ZR0202005', 15);
INSERT INTO produto (cod_barra, fornecedor, descricao, preco) VALUES ('6723', NULL, 'PIJAMA LONGO', 68);
INSERT INTO produto (cod_barra, fornecedor, descricao, preco) VALUES ('6831', NULL, 'PIJAMA CURTO SONHO', 58);
INSERT INTO produto (cod_barra, fornecedor, descricao, preco) VALUES ('6832', NULL, 'CAMISOLA PV FLORAL COM PICUETA 30206', 35);
INSERT INTO produto (cod_barra, fornecedor, descricao, preco) VALUES ('6882', NULL, 'PIJAMA INF 10 A 12 ANOS LONGO', 38);
INSERT INTO produto (cod_barra, fornecedor, descricao, preco) VALUES ('6898', NULL, 'PIJAMA INF 1 A 4 ANOS LONGO', 25);
INSERT INTO produto (cod_barra, fornecedor, descricao, preco) VALUES ('6899', 12, 'PIJAMA INFANTIL PP', 18);
INSERT INTO produto (cod_barra, fornecedor, descricao, preco) VALUES ('7192', NULL, 'SUTIÃ AMAMENTAR 97312', 32);
INSERT INTO produto (cod_barra, fornecedor, descricao, preco) VALUES ('7363', NULL, 'CAMISOLA INF PROMOCAO', 10);
INSERT INTO produto (cod_barra, fornecedor, descricao, preco) VALUES ('7381', 12, 'CALCINHA SENHORA COTTON GENESIS', 8);
INSERT INTO produto (cod_barra, fornecedor, descricao, preco) VALUES ('7388', NULL, 'SUTIÃ PLUS 134', 42);
INSERT INTO produto (cod_barra, fornecedor, descricao, preco) VALUES ('7473', 18, 'CALCINHA BOX MICROFIBRA 4258', 12);
INSERT INTO produto (cod_barra, fornecedor, descricao, preco) VALUES ('7578', NULL, 'CAMISOLA INFANTIL P-GG', 18);
INSERT INTO produto (cod_barra, fornecedor, descricao, preco) VALUES ('7582', NULL, 'SUTIÃ LINNA 28189', 25);
INSERT INTO produto (cod_barra, fornecedor, descricao, preco) VALUES ('7784', NULL, 'CAMISOLA DE BOTÃO', 29);
INSERT INTO produto (cod_barra, fornecedor, descricao, preco) VALUES ('7834', NULL, 'SUTIÃ BIANCA COM BOJO 23', 28);
INSERT INTO produto (cod_barra, fornecedor, descricao, preco) VALUES ('7841', NULL, 'SUTIÃ IRACEMA 108', 28);
INSERT INTO produto (cod_barra, fornecedor, descricao, preco) VALUES ('7882', NULL, 'CALCINHA MICROFIBRA 1193', 10);
INSERT INTO produto (cod_barra, fornecedor, descricao, preco) VALUES ('8098', NULL, 'BABYDOLL LIGANETE 1030', 28);
INSERT INTO produto (cod_barra, fornecedor, descricao, preco) VALUES ('8132', NULL, 'CALÇA LYCRA CINTURA ALTA 22176', 15);
INSERT INTO produto (cod_barra, fornecedor, descricao, preco) VALUES ('8231', NULL, 'CALÇA HOT PANT 22104', 29);
INSERT INTO produto (cod_barra, fornecedor, descricao, preco) VALUES ('8319', NULL, 'CUECA BOX INFANTIL', 8);
INSERT INTO produto (cod_barra, fornecedor, descricao, preco) VALUES ('8384', NULL, 'CONJUNTO BÁSICO EST CASCA 4321', 28);
INSERT INTO produto (cod_barra, fornecedor, descricao, preco) VALUES ('8385', NULL, 'CONJ BASICO ESTAMPADO CASCA 42921', 28);
INSERT INTO produto (cod_barra, fornecedor, descricao, preco) VALUES ('8386', NULL, 'CONJUNTO D''MULHER', 28);
INSERT INTO produto (cod_barra, fornecedor, descricao, preco) VALUES ('8387', NULL, 'CALCA SCULP COMFORT 805201', 38);
INSERT INTO produto (cod_barra, fornecedor, descricao, preco) VALUES ('8388', NULL, 'FAIXA SHAPE UP 85600', 42);
INSERT INTO produto (cod_barra, fornecedor, descricao, preco) VALUES ('8389', NULL, 'PIJAMA INFANTIL PROMOOÇÃO', 15);
INSERT INTO produto (cod_barra, fornecedor, descricao, preco) VALUES ('8491', NULL, 'CALCINHA SENHORA MICROFIBRA 0016', 12);
INSERT INTO produto (cod_barra, fornecedor, descricao, preco) VALUES ('8492', NULL, 'CALCINHA MICROFIBRA 1192', 10);
INSERT INTO produto (cod_barra, fornecedor, descricao, preco) VALUES ('8499', NULL, 'CALCINHA EM RENDA 125360', 15);
INSERT INTO produto (cod_barra, fornecedor, descricao, preco) VALUES ('8513', NULL, 'CALÇA LYCRA COM RENDA 221110', 16);
INSERT INTO produto (cod_barra, fornecedor, descricao, preco) VALUES ('8517', NULL, 'CALÇA MICROFIBRA FRANZIDO LATERAIS 221116', 15);
INSERT INTO produto (cod_barra, fornecedor, descricao, preco) VALUES ('8536', NULL, 'SUTIÃ LINNA 102180', 25);
INSERT INTO produto (cod_barra, fornecedor, descricao, preco) VALUES ('8537', NULL, 'SUTIÃ LINNA 127183', 38);
INSERT INTO produto (cod_barra, fornecedor, descricao, preco) VALUES ('8583', NULL, 'SUTIÃ LINNA 140180', 38);
INSERT INTO produto (cod_barra, fornecedor, descricao, preco) VALUES ('8721', NULL, 'CALÇA DE PALA PLUS SIZE 22103', 25);
INSERT INTO produto (cod_barra, fornecedor, descricao, preco) VALUES ('8823', NULL, 'SUTIÃ COM BOJO 30200', 25);
INSERT INTO produto (cod_barra, fornecedor, descricao, preco) VALUES ('8842', NULL, 'CALCINHA SHORT LINNA 141400', 12);
INSERT INTO produto (cod_barra, fornecedor, descricao, preco) VALUES ('8931', NULL, 'CALÇA CETINETE RENDA LATERAL 2291', 29);
INSERT INTO produto (cod_barra, fornecedor, descricao, preco) VALUES ('8932', NULL, 'CALÇOLA PLUS SIZE COM RENDA 924101', 28);
INSERT INTO produto (cod_barra, fornecedor, descricao, preco) VALUES ('8933', NULL, 'CALÇA CALÇOLA LISA 2411', 22);
INSERT INTO produto (cod_barra, fornecedor, descricao, preco) VALUES ('8934', NULL, 'SHORT LYCRA COM RENDA NA BARRA 924111', 25);
INSERT INTO produto (cod_barra, fornecedor, descricao, preco) VALUES ('8935', NULL, 'CALÇA CALÇOLA COM TULE 2412', 20);
INSERT INTO produto (cod_barra, fornecedor, descricao, preco) VALUES ('8936', NULL, 'CALÇOLA COTTON PATY 2461', 15);
INSERT INTO produto (cod_barra, fornecedor, descricao, preco) VALUES ('8937', NULL, 'CUECA BX MICROFIBRA 26268', 24);
INSERT INTO produto (cod_barra, fornecedor, descricao, preco) VALUES ('8938', NULL, 'CUECA BX RISCA GIZ 26269', 22);
INSERT INTO produto (cod_barra, fornecedor, descricao, preco) VALUES ('8943', NULL, 'SUTIÃ LINNA 3018844', 28);
INSERT INTO produto (cod_barra, fornecedor, descricao, preco) VALUES ('8998', NULL, 'CUECA BX MICRO CLEAN 8998', 24);
INSERT INTO produto (cod_barra, fornecedor, descricao, preco) VALUES ('9112', NULL, 'CONJUNTO VALENTINA 45044505', 60);
INSERT INTO produto (cod_barra, fornecedor, descricao, preco) VALUES ('9120', NULL, 'CONJUNTO ARSIE 010800901746', 47);
INSERT INTO produto (cod_barra, fornecedor, descricao, preco) VALUES ('9122', NULL, 'CONJUNTO ARSIE DIVERSOS', 50);
INSERT INTO produto (cod_barra, fornecedor, descricao, preco) VALUES ('9123', NULL, 'CALCINHA MICROFIBRA 1190', 10);
INSERT INTO produto (cod_barra, fornecedor, descricao, preco) VALUES ('9132', NULL, 'CONJUNTO GRACE KELLY 48674697', 60);
INSERT INTO produto (cod_barra, fornecedor, descricao, preco) VALUES ('9147', NULL, 'CONJUNTO DEL''AMORE 9900023', 64);
INSERT INTO produto (cod_barra, fornecedor, descricao, preco) VALUES ('9153', NULL, 'CONJUNTO LINNA 132180', 47);
INSERT INTO produto (cod_barra, fornecedor, descricao, preco) VALUES ('9154', NULL, 'CONJUNTO ARSIE 01023681015', 50);
INSERT INTO produto (cod_barra, fornecedor, descricao, preco) VALUES ('9171', NULL, 'SUTIÃ VI SIX 160313', 25);
INSERT INTO produto (cod_barra, fornecedor, descricao, preco) VALUES ('9172', NULL, 'SUTIÃ VI SIX 220480', 25);
INSERT INTO produto (cod_barra, fornecedor, descricao, preco) VALUES ('9177', NULL, 'SUTIÃ ANA PINHEIRO', 25);
INSERT INTO produto (cod_barra, fornecedor, descricao, preco) VALUES ('9178', NULL, 'SUTIÃ ARSIE DIVERSOS', 25);
INSERT INTO produto (cod_barra, fornecedor, descricao, preco) VALUES ('9179', NULL, 'SUTIÃ ARSIE 04010201043', 25);
INSERT INTO produto (cod_barra, fornecedor, descricao, preco) VALUES ('9181', NULL, 'SUTIÃ FLORES DE MAURA', 22);
INSERT INTO produto (cod_barra, fornecedor, descricao, preco) VALUES ('9191', NULL, 'SUTIÃ DUPLO HELEN CAMISETA 400054', 26);
INSERT INTO produto (cod_barra, fornecedor, descricao, preco) VALUES ('9192', NULL, 'SUTIÃ FEMINART DIVERSOS', 25);
INSERT INTO produto (cod_barra, fornecedor, descricao, preco) VALUES ('9194', NULL, 'CROPPED ESTAMPADO 2300', 58);
INSERT INTO produto (cod_barra, fornecedor, descricao, preco) VALUES ('9196', NULL, 'SUTIÃ NADADOR CETINETE RENDA 3225', 40);
INSERT INTO produto (cod_barra, fornecedor, descricao, preco) VALUES ('9199', NULL, 'SUTIÃ LINNA 125180', 32);
INSERT INTO produto (cod_barra, fornecedor, descricao, preco) VALUES ('9200', NULL, 'SUTIÃ SOL TAK 41', 20);
INSERT INTO produto (cod_barra, fornecedor, descricao, preco) VALUES ('9201', NULL, 'SUTIÃ BELLA COM STRASS 7', 32);
INSERT INTO produto (cod_barra, fornecedor, descricao, preco) VALUES ('9202', NULL, 'SUTIÃ LINNA 127182', 35);
INSERT INTO produto (cod_barra, fornecedor, descricao, preco) VALUES ('9204', NULL, 'SUTIÃ ARSIE 010800600346', 42);
INSERT INTO produto (cod_barra, fornecedor, descricao, preco) VALUES ('9207', NULL, 'BIQUINI ADULTO ESTILO SOL', 40);
INSERT INTO produto (cod_barra, fornecedor, descricao, preco) VALUES ('9210', NULL, 'CUECA DIS/UFC/NIL HOMO/TRACK&FIELD/MMA/GAMES/CAVALERA/500JOVEM/FALCAO', 6);
INSERT INTO produto (cod_barra, fornecedor, descricao, preco) VALUES ('9211', NULL, 'CUECA TACMEN 2109', 6);
INSERT INTO produto (cod_barra, fornecedor, descricao, preco) VALUES ('9212', NULL, 'CUECA TACMEN 2110', 5);
INSERT INTO produto (cod_barra, fornecedor, descricao, preco) VALUES ('9215', NULL, 'CUECA BOX MEN CM5D29QM', 20);
INSERT INTO produto (cod_barra, fornecedor, descricao, preco) VALUES ('9216', NULL, 'CUECA BOXER ZR01000003', 20);
INSERT INTO produto (cod_barra, fornecedor, descricao, preco) VALUES ('9218', NULL, 'CUECA BOX Z&D ADULTO 707', 15);
INSERT INTO produto (cod_barra, fornecedor, descricao, preco) VALUES ('9219', NULL, 'BABYDOLL LIGANETE NADADOR 10001024', 38);
INSERT INTO produto (cod_barra, fornecedor, descricao, preco) VALUES ('9221', NULL, 'CAMISOLA LIGANETE NADADOR 10000977', 38);
INSERT INTO produto (cod_barra, fornecedor, descricao, preco) VALUES ('9222', NULL, 'CAMISOLA ALÇA LIGANETE RENDA 5002', 38);
INSERT INTO produto (cod_barra, fornecedor, descricao, preco) VALUES ('9228', NULL, 'MODELADOR CALIFORNIA', 70);
INSERT INTO produto (cod_barra, fornecedor, descricao, preco) VALUES ('9230', NULL, 'CALÇA COTTON COM PALA 1210000', 10);
INSERT INTO produto (cod_barra, fornecedor, descricao, preco) VALUES ('9231', NULL, 'CALCINHA BELLA DANNY 1193', 10);
INSERT INTO produto (cod_barra, fornecedor, descricao, preco) VALUES ('9232', NULL, 'CALCINHA BELLA DANNY 1192', 10);
INSERT INTO produto (cod_barra, fornecedor, descricao, preco) VALUES ('9233', NULL, 'CALCINHA BELLA DANNY 1190', 10);
INSERT INTO produto (cod_barra, fornecedor, descricao, preco) VALUES ('9234', NULL, 'CALCINHA CLARA ÍNTIMA 326', 9);
INSERT INTO produto (cod_barra, fornecedor, descricao, preco) VALUES ('9235', NULL, 'CALÇA BELINHA 1210008', 6);
INSERT INTO produto (cod_barra, fornecedor, descricao, preco) VALUES ('9236', NULL, 'CALCINHA INFANTIL 12 REAIS', 12);
INSERT INTO produto (cod_barra, fornecedor, descricao, preco) VALUES ('9238', NULL, 'CONJUNTO MICROFIBRA E RENDA 220478', 38);
INSERT INTO produto (cod_barra, fornecedor, descricao, preco) VALUES ('9283', NULL, 'CUECA BX RISCA PREMIUM 2727', 22);
INSERT INTO produto (cod_barra, fornecedor, descricao, preco) VALUES ('9300', NULL, 'CONJUNTO ZILOOK LINGERIE', 35);
INSERT INTO produto (cod_barra, fornecedor, descricao, preco) VALUES ('9301', NULL, 'CONJUNTO LALA LINGERIE', 35);
INSERT INTO produto (cod_barra, fornecedor, descricao, preco) VALUES ('9302', NULL, 'CONJUNTO ESTILOSA UNDERWEAR', 35);
INSERT INTO produto (cod_barra, fornecedor, descricao, preco) VALUES ('9303', NULL, 'SUTIÃ ZILOOK LINGERIE', 28);
INSERT INTO produto (cod_barra, fornecedor, descricao, preco) VALUES ('9304', NULL, 'BIQUINI SANFELK 48 REAIS', 48);
INSERT INTO produto (cod_barra, fornecedor, descricao, preco) VALUES ('9305', NULL, 'CORCELET TULE TRANS LISO 30653066', 60);
INSERT INTO produto (cod_barra, fornecedor, descricao, preco) VALUES ('9306', NULL, 'CONJUNTO HARDY LINGERIE', 60);
INSERT INTO produto (cod_barra, fornecedor, descricao, preco) VALUES ('9307', NULL, 'CALCINHA ZILOOK LINGERIE', 10);
INSERT INTO produto (cod_barra, fornecedor, descricao, preco) VALUES ('9355', NULL, 'BUSTIE INFANTIL 31', 10);
INSERT INTO produto (cod_barra, fornecedor, descricao, preco) VALUES ('9356', NULL, 'SUTIÃ NADADOR ESTAMPADO 51', 10);
INSERT INTO produto (cod_barra, fornecedor, descricao, preco) VALUES ('9357', NULL, 'CALÇA MICROFIBRA PROMOÇÃO 027851', 10);
INSERT INTO produto (cod_barra, fornecedor, descricao, preco) VALUES ('9362', NULL, 'CALCINHA LINNA 139362', 15);
INSERT INTO produto (cod_barra, fornecedor, descricao, preco) VALUES ('9365', NULL, 'CAMISOLA ALG AMAMENTAR ONÇA 30313', 39);
INSERT INTO produto (cod_barra, fornecedor, descricao, preco) VALUES ('9367', 32, 'MAIO KINWAY 5026', 85);
INSERT INTO produto (cod_barra, fornecedor, descricao, preco) VALUES ('9369', NULL, 'MAIO KINWAY 1020', 75);
INSERT INTO produto (cod_barra, fornecedor, descricao, preco) VALUES ('9370', NULL, 'MAIO KINWAY AD DUPLA FACE 1071', 85);
INSERT INTO produto (cod_barra, fornecedor, descricao, preco) VALUES ('9371', 32, 'MAIO KINWAY ADULTO P-M-G 1022', 85);
INSERT INTO produto (cod_barra, fornecedor, descricao, preco) VALUES ('9373', NULL, 'CUECA BOX INFANTIL COTTON', 7);
INSERT INTO produto (cod_barra, fornecedor, descricao, preco) VALUES ('9374', NULL, 'SHORT LIGANETE 02', 10);
INSERT INTO produto (cod_barra, fornecedor, descricao, preco) VALUES ('9376', NULL, 'PIJAMA DE BOTAO AD LONGO 60274', 68);
INSERT INTO produto (cod_barra, fornecedor, descricao, preco) VALUES ('9377', NULL, 'CALCINHA INFANTIL 5 REAIS', 5);
INSERT INTO produto (cod_barra, fornecedor, descricao, preco) VALUES ('9378', NULL, 'CALCINHA INFANTIL 4 REAIS', 4);
INSERT INTO produto (cod_barra, fornecedor, descricao, preco) VALUES ('9381', NULL, 'MAIO KINWAY ADULTO EG 1022', 88);
INSERT INTO produto (cod_barra, fornecedor, descricao, preco) VALUES ('9382', NULL, 'CALCINHA COTTON TANGA', 6);
INSERT INTO produto (cod_barra, fornecedor, descricao, preco) VALUES ('9399', NULL, 'BIQUINI SANFELK 68 REAIS', 68);
INSERT INTO produto (cod_barra, fornecedor, descricao, preco) VALUES ('9400', NULL, 'SUTIÃ LALA LINGERIE', 28);
INSERT INTO produto (cod_barra, fornecedor, descricao, preco) VALUES ('9401', NULL, 'CALCINHA LALA LINGERIE', 10);
INSERT INTO produto (cod_barra, fornecedor, descricao, preco) VALUES ('9402', NULL, 'SUTIÃ ESTILOSA UNDERWEAR', 28);
INSERT INTO produto (cod_barra, fornecedor, descricao, preco) VALUES ('9403', NULL, 'CALCINHA ESTILOSA UNDERWEAR', 10);
INSERT INTO produto (cod_barra, fornecedor, descricao, preco) VALUES ('9500', NULL, 'CONJUNTO R&A', 25);
INSERT INTO produto (cod_barra, fornecedor, descricao, preco) VALUES ('9511', NULL, 'CONJUNTO CALIFORNIA 004', 35);
INSERT INTO produto (cod_barra, fornecedor, descricao, preco) VALUES ('9600', 13, 'CALÇA REBATE COM PALA 0016', 9);
INSERT INTO produto (cod_barra, fornecedor, descricao, preco) VALUES ('9601', NULL, 'SUTIÃ SUSTENTAÇÃO 7210006', 25);
INSERT INTO produto (cod_barra, fornecedor, descricao, preco) VALUES ('9623', NULL, 'CALÇA MICRO OPACA PALA 1210028', 12);
INSERT INTO produto (cod_barra, fornecedor, descricao, preco) VALUES ('9700', NULL, 'SAÍDA DE PRAIA KINWAY 1115', 48);
INSERT INTO produto (cod_barra, fornecedor, descricao, preco) VALUES ('9701', NULL, 'MAIÔ INFANTIL KINWAY 6072', 55);
INSERT INTO produto (cod_barra, fornecedor, descricao, preco) VALUES ('9750', NULL, 'BUNDEX', 35);
INSERT INTO produto (cod_barra, fornecedor, descricao, preco) VALUES ('9783', NULL, 'MAIO KINWAY AD DUPLA FACE 1078', 86);
INSERT INTO produto (cod_barra, fornecedor, descricao, preco) VALUES ('9800', 32, 'MAIO KINWAY ADULTO 5037', 78);
INSERT INTO produto (cod_barra, fornecedor, descricao, preco) VALUES ('9801', 32, 'MAIO KINWAY ADULTO 5097', 88);
INSERT INTO produto (cod_barra, fornecedor, descricao, preco) VALUES ('9802', 32, 'MAIO KINWAY ADULTO 5060', 88);
INSERT INTO produto (cod_barra, fornecedor, descricao, preco) VALUES ('9803', 32, 'SUNGA KINWAY ADULTO 602', 26);
INSERT INTO produto (cod_barra, fornecedor, descricao, preco) VALUES ('9804', NULL, 'SUNGA KINWAY ADULTO 616', 36);
INSERT INTO produto (cod_barra, fornecedor, descricao, preco) VALUES ('9832', NULL, 'CALCINHA ALGODAO ADULTO', 5);
INSERT INTO produto (cod_barra, fornecedor, descricao, preco) VALUES ('9870', NULL, 'BABYDOLL LIGANETE 29 REAIS', 29);
INSERT INTO produto (cod_barra, fornecedor, descricao, preco) VALUES ('9871', NULL, 'CAMISOLA BABADO LIGANETE', 38);
INSERT INTO produto (cod_barra, fornecedor, descricao, preco) VALUES ('9873', NULL, 'MAIO KINWAY ADULTO DUPLA FACE 1073', 78);
INSERT INTO produto (cod_barra, fornecedor, descricao, preco) VALUES ('9876', NULL, 'CAMISOLA INFANTIL LIGANETE', 20);
INSERT INTO produto (cod_barra, fornecedor, descricao, preco) VALUES ('9880', NULL, 'CONJUNTO STARJANE 3597/32437', 55);
INSERT INTO produto (cod_barra, fornecedor, descricao, preco) VALUES ('9882', NULL, 'CALÇA MICROFIBRA OVERDRESS 002', 5);
INSERT INTO produto (cod_barra, fornecedor, descricao, preco) VALUES ('9899', NULL, 'CALÇA COTTON LISO 22638', 10);
INSERT INTO produto (cod_barra, fornecedor, descricao, preco) VALUES ('9902', NULL, 'CONJUNTO 3D 100247', 28);
INSERT INTO produto (cod_barra, fornecedor, descricao, preco) VALUES ('12642', 3, 'TANGAO MICROFIBRA 1210011', 12);
INSERT INTO produto (cod_barra, fornecedor, descricao, preco) VALUES ('12639', 16, 'CALÇA MODELADORA 22906', 58);
INSERT INTO produto (cod_barra, fornecedor, descricao, preco) VALUES ('12060', 20, 'CALÇA CINTA DLINY', 28);
INSERT INTO produto (cod_barra, fornecedor, descricao, preco) VALUES ('12646', 30, 'SAÍDA DE PRAIA COM MANGA', 75);
INSERT INTO produto (cod_barra, fornecedor, descricao, preco) VALUES ('12647', 30, 'SAÍDA DE PRAIA REGATA', 69);
INSERT INTO produto (cod_barra, fornecedor, descricao, preco) VALUES ('12649', 32, 'BIQUINI KINWAY 52247', 58);
INSERT INTO produto (cod_barra, fornecedor, descricao, preco) VALUES ('12607', 33, 'BIQUINI 6520', 82);
INSERT INTO produto (cod_barra, fornecedor, descricao, preco) VALUES ('12609', 33, 'BIQUINI 6510', 82);
INSERT INTO produto (cod_barra, fornecedor, descricao, preco) VALUES ('12610', 33, 'BIQUINI 6525', 82);
INSERT INTO produto (cod_barra, fornecedor, descricao, preco) VALUES ('12612', 33, 'BIQUINI 6530', 82);
INSERT INTO produto (cod_barra, fornecedor, descricao, preco) VALUES ('12281', 22, 'CINTA BAIXA 30045', 35);
INSERT INTO produto (cod_barra, fornecedor, descricao, preco) VALUES ('12650', 14, 'BUSTIÊ DE MICROFIBRA BJ 1060', 28);
INSERT INTO produto (cod_barra, fornecedor, descricao, preco) VALUES ('12651', 37, 'SUTIÃ SUBELLA 165 195 194 166 176', 28);
INSERT INTO produto (cod_barra, fornecedor, descricao, preco) VALUES ('12652', 17, 'SUTIÃ 5048 5053', 28);

COMMIT TRANSACTION;
PRAGMA foreign_keys = on;
