/*
-- Query: SELECT * FROM vandamodaintima.marca
LIMIT 0, 1000

-- Date: 2020-12-22 20:09
*/
INSERT OR IGNORE INTO marca (`nome`,`fornecedor`) VALUES ('A G HOMEM',NULL);
INSERT OR IGNORE INTO marca (`nome`,`fornecedor`) VALUES ('ALAGUA MODA PRAIA',NULL);
INSERT OR IGNORE INTO marca (`nome`,`fornecedor`) VALUES ('ALTOMAX',NULL);
INSERT OR IGNORE INTO marca (`nome`,`fornecedor`) VALUES ('AMARE',NULL);
INSERT OR IGNORE INTO marca (`nome`,`fornecedor`) VALUES ('AMITAF',NULL);
INSERT OR IGNORE INTO marca (`nome`,`fornecedor`) VALUES ('AMITAF MODA PRAIA',NULL);
INSERT OR IGNORE INTO marca (`nome`,`fornecedor`) VALUES ('AMORARMA',NULL);
INSERT OR IGNORE INTO marca (`nome`,`fornecedor`) VALUES ('AREIA DO MAR',NULL);
INSERT OR IGNORE INTO marca (`nome`,`fornecedor`) VALUES ('ARLINDA',NULL);
INSERT OR IGNORE INTO marca (`nome`,`fornecedor`) VALUES ('BELLA DANNY',NULL);
INSERT OR IGNORE INTO marca (`nome`,`fornecedor`) VALUES ('BIA MAR',NULL);
INSERT OR IGNORE INTO marca (`nome`,`fornecedor`) VALUES ('BICHO DE PRAIA',NULL);
INSERT OR IGNORE INTO marca (`nome`,`fornecedor`) VALUES ('BILOMO',NULL);
INSERT OR IGNORE INTO marca (`nome`,`fornecedor`) VALUES ('BRONZE PERFEITO',NULL);
INSERT OR IGNORE INTO marca (`nome`,`fornecedor`) VALUES ('CALOR DA PELE',NULL);
INSERT OR IGNORE INTO marca (`nome`,`fornecedor`) VALUES ('CASTELO STESE',NULL);
INSERT OR IGNORE INTO marca (`nome`,`fornecedor`) VALUES ('CELENE MODA INTIMA',NULL);
INSERT OR IGNORE INTO marca (`nome`,`fornecedor`) VALUES ('CENSURA ÍNTIMA',NULL);
INSERT OR IGNORE INTO marca (`nome`,`fornecedor`) VALUES ('CHIC E ATREVIDA',NULL);
INSERT OR IGNORE INTO marca (`nome`,`fornecedor`) VALUES ('CINDERELLY',NULL);
INSERT OR IGNORE INTO marca (`nome`,`fornecedor`) VALUES ('CLAÚDIA MODA ÍNTIMA',NULL);
INSERT OR IGNORE INTO marca (`nome`,`fornecedor`) VALUES ('COCO & BRONZE',NULL);
INSERT OR IGNORE INTO marca (`nome`,`fornecedor`) VALUES ('CORPO A CORPO',NULL);
INSERT OR IGNORE INTO marca (`nome`,`fornecedor`) VALUES ('CUECAS TECH',NULL);
INSERT OR IGNORE INTO marca (`nome`,`fornecedor`) VALUES ('D''BRONZE',NULL);
INSERT OR IGNORE INTO marca (`nome`,`fornecedor`) VALUES ('D''JULY',NULL);
INSERT OR IGNORE INTO marca (`nome`,`fornecedor`) VALUES ('D''LANNAY',NULL);
INSERT OR IGNORE INTO marca (`nome`,`fornecedor`) VALUES ('D''LINY',NULL);
INSERT OR IGNORE INTO marca (`nome`,`fornecedor`) VALUES ('DAKELA MODA INTIMA',NULL);
INSERT OR IGNORE INTO marca (`nome`,`fornecedor`) VALUES ('DELÍRIO MODA ÍNTIMA',NULL);
INSERT OR IGNORE INTO marca (`nome`,`fornecedor`) VALUES ('DELMAR',NULL);
INSERT OR IGNORE INTO marca (`nome`,`fornecedor`) VALUES ('DETALHES LINGERIE',NULL);
INSERT OR IGNORE INTO marca (`nome`,`fornecedor`) VALUES ('DIORE ROSSET',NULL);
INSERT OR IGNORE INTO marca (`nome`,`fornecedor`) VALUES ('DU LINGERIE',NULL);
INSERT OR IGNORE INTO marca (`nome`,`fornecedor`) VALUES ('ECLIPSE LINGERIE',NULL);
INSERT OR IGNORE INTO marca (`nome`,`fornecedor`) VALUES ('ELAS CONFECÇÕES',NULL);
INSERT OR IGNORE INTO marca (`nome`,`fornecedor`) VALUES ('ENCANTO DA SEREIA',NULL);
INSERT OR IGNORE INTO marca (`nome`,`fornecedor`) VALUES ('ESTILO TROPICAL',NULL);
INSERT OR IGNORE INTO marca (`nome`,`fornecedor`) VALUES ('FAGIAN MODA PRAIA',NULL);
INSERT OR IGNORE INTO marca (`nome`,`fornecedor`) VALUES ('FINO CORPO',NULL);
INSERT OR IGNORE INTO marca (`nome`,`fornecedor`) VALUES ('FIO MARY LINGERIE',NULL);
INSERT OR IGNORE INTO marca (`nome`,`fornecedor`) VALUES ('GABY PRAIA',NULL);
INSERT OR IGNORE INTO marca (`nome`,`fornecedor`) VALUES ('GATA STILOSA',NULL);
INSERT OR IGNORE INTO marca (`nome`,`fornecedor`) VALUES ('GEYLA MODA ÍNTIMA',NULL);
INSERT OR IGNORE INTO marca (`nome`,`fornecedor`) VALUES ('GIGI LINGERIE',NULL);
INSERT OR IGNORE INTO marca (`nome`,`fornecedor`) VALUES ('GOLD BE',NULL);
INSERT OR IGNORE INTO marca (`nome`,`fornecedor`) VALUES ('H&D CONFECCOES',NULL);
INSERT OR IGNORE INTO marca (`nome`,`fornecedor`) VALUES ('HALLAN',NULL);
INSERT OR IGNORE INTO marca (`nome`,`fornecedor`) VALUES ('HANGAR MORIAH',NULL);
INSERT OR IGNORE INTO marca (`nome`,`fornecedor`) VALUES ('HARDNESS',NULL);
INSERT OR IGNORE INTO marca (`nome`,`fornecedor`) VALUES ('HEISIG LINGERIE',NULL);
INSERT OR IGNORE INTO marca (`nome`,`fornecedor`) VALUES ('JOEVI',NULL);
INSERT OR IGNORE INTO marca (`nome`,`fornecedor`) VALUES ('KEFEITE',NULL);
INSERT OR IGNORE INTO marca (`nome`,`fornecedor`) VALUES ('KINWAY',NULL);
INSERT OR IGNORE INTO marca (`nome`,`fornecedor`) VALUES ('LALÁ LINGERIE',NULL);
INSERT OR IGNORE INTO marca (`nome`,`fornecedor`) VALUES ('LAPIEL',NULL);
INSERT OR IGNORE INTO marca (`nome`,`fornecedor`) VALUES ('LEDYCE',NULL);
INSERT OR IGNORE INTO marca (`nome`,`fornecedor`) VALUES ('LIDIELY LINGERIE',NULL);
INSERT OR IGNORE INTO marca (`nome`,`fornecedor`) VALUES ('LIDUÍNA FREITAS',NULL);
INSERT OR IGNORE INTO marca (`nome`,`fornecedor`) VALUES ('LOVE SECRET',NULL);
INSERT OR IGNORE INTO marca (`nome`,`fornecedor`) VALUES ('MANÁ MODA ÍNTIMA',NULL);
INSERT OR IGNORE INTO marca (`nome`,`fornecedor`) VALUES ('MANINHOS MODA INTIMA',NULL);
INSERT OR IGNORE INTO marca (`nome`,`fornecedor`) VALUES ('MARBELLA',NULL);
INSERT OR IGNORE INTO marca (`nome`,`fornecedor`) VALUES ('MARIANA',NULL);
INSERT OR IGNORE INTO marca (`nome`,`fornecedor`) VALUES ('MARIHA',NULL);
INSERT OR IGNORE INTO marca (`nome`,`fornecedor`) VALUES ('MARKINY MODA PRAIA',NULL);
INSERT OR IGNORE INTO marca (`nome`,`fornecedor`) VALUES ('MAROOT''S',NULL);
INSERT OR IGNORE INTO marca (`nome`,`fornecedor`) VALUES ('MATEUS SUPERMERCADOS',NULL);
INSERT OR IGNORE INTO marca (`nome`,`fornecedor`) VALUES ('MAVILU LINGERIE',NULL);
INSERT OR IGNORE INTO marca (`nome`,`fornecedor`) VALUES ('MEN SPORT',NULL);
INSERT OR IGNORE INTO marca (`nome`,`fornecedor`) VALUES ('MIHY',NULL);
INSERT OR IGNORE INTO marca (`nome`,`fornecedor`) VALUES ('MODA ÍNTIMA LINGERIE',NULL);
INSERT OR IGNORE INTO marca (`nome`,`fornecedor`) VALUES ('NALICI PRAIA',NULL);
INSERT OR IGNORE INTO marca (`nome`,`fornecedor`) VALUES ('NEEDFEEL',NULL);
INSERT OR IGNORE INTO marca (`nome`,`fornecedor`) VALUES ('NICECOTTON',NULL);
INSERT OR IGNORE INTO marca (`nome`,`fornecedor`) VALUES ('NICOLLE MODA INTIMA',NULL);
INSERT OR IGNORE INTO marca (`nome`,`fornecedor`) VALUES ('OCEAN BOY',NULL);
INSERT OR IGNORE INTO marca (`nome`,`fornecedor`) VALUES ('OLINDA CONFECCOES',NULL);
INSERT OR IGNORE INTO marca (`nome`,`fornecedor`) VALUES ('ONDA MANIA MODA PRAIA',NULL);
INSERT OR IGNORE INTO marca (`nome`,`fornecedor`) VALUES ('OVERDRESS',NULL);
INSERT OR IGNORE INTO marca (`nome`,`fornecedor`) VALUES ('PATRÍCIA LINGERIE',NULL);
INSERT OR IGNORE INTO marca (`nome`,`fornecedor`) VALUES ('PATY',NULL);
INSERT OR IGNORE INTO marca (`nome`,`fornecedor`) VALUES ('RAQUEL VIVIANE LINGERIES',NULL);
INSERT OR IGNORE INTO marca (`nome`,`fornecedor`) VALUES ('RECCA LINGERIE',NULL);
INSERT OR IGNORE INTO marca (`nome`,`fornecedor`) VALUES ('RV MODA NOITE',NULL);
INSERT OR IGNORE INTO marca (`nome`,`fornecedor`) VALUES ('SANFELK',NULL);
INSERT OR IGNORE INTO marca (`nome`,`fornecedor`) VALUES ('SANTA PASSION LINGERIE',NULL);
INSERT OR IGNORE INTO marca (`nome`,`fornecedor`) VALUES ('SENSUALIZE',NULL);
INSERT OR IGNORE INTO marca (`nome`,`fornecedor`) VALUES ('SEPOL',NULL);
INSERT OR IGNORE INTO marca (`nome`,`fornecedor`) VALUES ('SEXKISS',NULL);
INSERT OR IGNORE INTO marca (`nome`,`fornecedor`) VALUES ('SLEEP BEM',NULL);
INSERT OR IGNORE INTO marca (`nome`,`fornecedor`) VALUES ('SONHO.COM',NULL);
INSERT OR IGNORE INTO marca (`nome`,`fornecedor`) VALUES ('SPORT BOY CUECAS',NULL);
INSERT OR IGNORE INTO marca (`nome`,`fornecedor`) VALUES ('STARJANE',NULL);
INSERT OR IGNORE INTO marca (`nome`,`fornecedor`) VALUES ('SUBELLA',NULL);
INSERT OR IGNORE INTO marca (`nome`,`fornecedor`) VALUES ('THAIS ALMEIDA',NULL);
INSERT OR IGNORE INTO marca (`nome`,`fornecedor`) VALUES ('THALY MODA ÍNTIMA',NULL);
INSERT OR IGNORE INTO marca (`nome`,`fornecedor`) VALUES ('THAYS E THAMIRES',NULL);
INSERT OR IGNORE INTO marca (`nome`,`fornecedor`) VALUES ('TODA DELICADA',NULL);
INSERT OR IGNORE INTO marca (`nome`,`fornecedor`) VALUES ('VANDA MODA ÍNTIMA',NULL);
INSERT OR IGNORE INTO marca (`nome`,`fornecedor`) VALUES ('VAYDOSA LINGERIE',NULL);
INSERT OR IGNORE INTO marca (`nome`,`fornecedor`) VALUES ('VENTUNO',NULL);
INSERT OR IGNORE INTO marca (`nome`,`fornecedor`) VALUES ('VIVI VARIEDADES',NULL);
INSERT OR IGNORE INTO marca (`nome`,`fornecedor`) VALUES ('YANNI MODA ÍNTIMA',NULL);
INSERT OR IGNORE INTO marca (`nome`,`fornecedor`) VALUES ('Z&D LINGERIE',NULL);
INSERT OR IGNORE INTO marca (`nome`,`fornecedor`) VALUES ('ZHOMEM',NULL);
INSERT OR IGNORE INTO marca (`nome`,`fornecedor`) VALUES ('ZILOOK MODA INTIMA',NULL);
INSERT OR IGNORE INTO marca (`nome`,`fornecedor`) VALUES ('ZKIDS',NULL);

INSERT OR IGNORE INTO fornecedor (`cnpj`,`nome`,`fantasia`,`email`,`telefone`) VALUES ('00209980000137','DAVID GONCALVES DA SILVA','LIDIELY MODA INTIMA','contexp2010@hotmail.com','(85) 3479-3335/ (85) 3475-2507');
INSERT OR IGNORE INTO fornecedor (`cnpj`,`nome`,`fantasia`,`email`,`telefone`) VALUES ('00290799000106','DAKELA MODA INTIMA LTDA','DAKELA','','(85) 3346-1213 / (85) 9760-7171');
INSERT OR IGNORE INTO fornecedor (`cnpj`,`nome`,`fantasia`,`email`,`telefone`) VALUES ('00400950000103','ELIANE SALES MEDEIROS EPP','','','');
INSERT OR IGNORE INTO fornecedor (`cnpj`,`nome`,`fantasia`,`email`,`telefone`) VALUES ('00692547000103','T A MAGALHAES','TAMMART CONFECCOES','','(85) 3081-8312');
INSERT OR IGNORE INTO fornecedor (`cnpj`,`nome`,`fantasia`,`email`,`telefone`) VALUES ('01323940000346','M2V COMERCIAL IMPORTADORA & EXPORTADORA LTDA','NEEDFEEL','','(69) 3229-9123');
INSERT OR IGNORE INTO fornecedor (`cnpj`,`nome`,`fantasia`,`email`,`telefone`) VALUES ('03025101000458','COSTA ESMERALDA TRADING IMPORTACAO E EXPORTACAO LTDA','Z&D LINGERIE/SEXKISS','gdornbusch@costaesmeraldatrading.com.br','(69) 3223-3507');
INSERT OR IGNORE INTO fornecedor (`cnpj`,`nome`,`fantasia`,`email`,`telefone`) VALUES ('03062776000124','A&C DE OLIVEIRA LTDA','DLINY PECAS INTIMAS','','(81) 3721-6695');
INSERT OR IGNORE INTO fornecedor (`cnpj`,`nome`,`fantasia`,`email`,`telefone`) VALUES ('03117276000142','ROZENUBIA PRACIANO ROCHA','','www.contador.ademir@hotmail.com','(85) 3237-7002 / (85) 3479-5676 / (85) 3237-7002');
INSERT OR IGNORE INTO fornecedor (`cnpj`,`nome`,`fantasia`,`email`,`telefone`) VALUES ('03220868000195','TEXTIL MOURA GOMES LTDA EIRELI','','','(88) 3494-5517');
INSERT OR IGNORE INTO fornecedor (`cnpj`,`nome`,`fantasia`,`email`,`telefone`) VALUES ('03223033000199','M.E. DE FREITAS CAVALCANTE','JOEVI CONFECCOES','','(85) 3491-3632');
INSERT OR IGNORE INTO fornecedor (`cnpj`,`nome`,`fantasia`,`email`,`telefone`) VALUES ('03266695000146','CLAUDIA DA SILVA OLIVEIRA','CLAUDIA','','(85) 3479-2877');
INSERT OR IGNORE INTO fornecedor (`cnpj`,`nome`,`fantasia`,`email`,`telefone`) VALUES ('03336014000179','PATY MODA INTIMA LTDA','PATY MODA INTIMA',NULL,NULL);
INSERT OR IGNORE INTO fornecedor (`cnpj`,`nome`,`fantasia`,`email`,`telefone`) VALUES ('03760973000117','CONFECCOES DE LINGERIE ATREVIDA LTDA','ATREVIDA','','');
INSERT OR IGNORE INTO fornecedor (`cnpj`,`nome`,`fantasia`,`email`,`telefone`) VALUES ('03892308000187','L S B INDUSTRIA DE CONFECCOES LTDA','LOVE SECRET',NULL,'(085) 2325-500');
INSERT OR IGNORE INTO fornecedor (`cnpj`,`nome`,`fantasia`,`email`,`telefone`) VALUES ('04196193000159','VENTUNO CONFECCOES EIRELI','','jamir@foruscontabilidade.com.br','(47) 3433-4280 / (47) 3433-4280');
INSERT OR IGNORE INTO fornecedor (`cnpj`,`nome`,`fantasia`,`email`,`telefone`) VALUES ('04271439000100','FRANCISCA LAENIA FREITAS SILVA','D''LANNAY','lojadlannay@gmail.com',NULL);
INSERT OR IGNORE INTO fornecedor (`cnpj`,`nome`,`fantasia`,`email`,`telefone`) VALUES ('04314355000106','JANE KELLY DE SOUSA MARTINS','STAR JANE LINGERIE',NULL,NULL);
INSERT OR IGNORE INTO fornecedor (`cnpj`,`nome`,`fantasia`,`email`,`telefone`) VALUES ('04463019000125','THYJU-TEX INDUSTRIA E COMERCIO DE CONFECCOES LTDA','THYJU-TEX','',NULL);
INSERT OR IGNORE INTO fornecedor (`cnpj`,`nome`,`fantasia`,`email`,`telefone`) VALUES ('04524735000175','JPTECH COMERCIAL IMPORTACAO E EXPORTACAO EIRELI','JPTECH PRODUTOS INTELIGENTES.','legalizacao@nkcontabilidade.com.br','(11) 5080-3300 / (11) 2950-2066');
INSERT OR IGNORE INTO fornecedor (`cnpj`,`nome`,`fantasia`,`email`,`telefone`) VALUES ('04631510000118','MARIA NILZA DA ROCHA','CENSURA INTIMA',NULL,NULL);
INSERT OR IGNORE INTO fornecedor (`cnpj`,`nome`,`fantasia`,`email`,`telefone`) VALUES ('04981555000112','FATIMA SPINOSA MARANHAO','D''JULY MODA INTIMA','contato@campelodiogenes.com.br','(85) 3286-5893/ (85) 3282-1482');
INSERT OR IGNORE INTO fornecedor (`cnpj`,`nome`,`fantasia`,`email`,`telefone`) VALUES ('05289245000366','SAINTE MARIE IMPORTACAO E EXPORTACAO LTDA','SAINT MARIE','ronaldo.barbosa@stmarie.com.br',NULL);
INSERT OR IGNORE INTO fornecedor (`cnpj`,`nome`,`fantasia`,`email`,`telefone`) VALUES ('05587194000197','SEPOL INDUSTRIA E COMERCIO DE CONFECCOES LTDA','','contabilidade@patymodaintima.combr','(85) 3535-0000');
INSERT OR IGNORE INTO fornecedor (`cnpj`,`nome`,`fantasia`,`email`,`telefone`) VALUES ('05695912000149','MARIA DO CARMO RIBEIRO CONFECCOES','GEYLA MODA INTIMA','','(085) 4798-412');
INSERT OR IGNORE INTO fornecedor (`cnpj`,`nome`,`fantasia`,`email`,`telefone`) VALUES ('05784676000137','J.W.M. INDUSTRIA E COMERCIO DE CONFECCOES LTDA','J. W. M. - CONFECCOES','','(85) 3485-5528');
INSERT OR IGNORE INTO fornecedor (`cnpj`,`nome`,`fantasia`,`email`,`telefone`) VALUES ('05918352000306','C M IMPORTS IMPORTADORA E COMERCIO LTDA','C M IMPORTS IMPORTADORA E COMERCIO','marck.galante@cmimports.net','(11) 9511-6661');
INSERT OR IGNORE INTO fornecedor (`cnpj`,`nome`,`fantasia`,`email`,`telefone`) VALUES ('06073260000173','N.G. DE ARAUJO','CORPO LEVE/KINWAY','','(82) 3368-054');
INSERT OR IGNORE INTO fornecedor (`cnpj`,`nome`,`fantasia`,`email`,`telefone`) VALUES ('06089521000143','LINK COMERCIAL IMPORTADORA E EXPORTADORA LTDA','','goede.katia@terra.com.br','(47) 3342-8000/ (47) 3342-8004');
INSERT OR IGNORE INTO fornecedor (`cnpj`,`nome`,`fantasia`,`email`,`telefone`) VALUES ('06191168000108','FRANCISCA DAS CHAGAS FONTENELE VIDAL','','','(85) 3491-5659 / (85) 3491-5171');
INSERT OR IGNORE INTO fornecedor (`cnpj`,`nome`,`fantasia`,`email`,`telefone`) VALUES ('07340641000134','DWANYS MODA INTIMA LTDA','D''WANYS MODA INTIMA','dwanysmodeladores@hotmail.com','(81) 3731-9058');
INSERT OR IGNORE INTO fornecedor (`cnpj`,`nome`,`fantasia`,`email`,`telefone`) VALUES ('07519970000147','ANTONIA JANICLER VIEIRA DA SILVA','','','(88) 9696-8838');
INSERT OR IGNORE INTO fornecedor (`cnpj`,`nome`,`fantasia`,`email`,`telefone`) VALUES ('07594662000186','MERCATTO MUNDI IMPORTACAO EXPORTACAO EIRELI','','operacional@mercattomundi.com','(82) 3313-7725 / (11) 3385-6501');
INSERT OR IGNORE INTO fornecedor (`cnpj`,`nome`,`fantasia`,`email`,`telefone`) VALUES ('07707778000184','RONAELDY PAULA OLIVALDE BARBOSA & CIA LTDA','JAMILY CONFECCAO/NICOLLE MODA INTIMA','','(85) 3226-8212');
INSERT OR IGNORE INTO fornecedor (`cnpj`,`nome`,`fantasia`,`email`,`telefone`) VALUES ('07809257000138','JAMILLE MAGILA DE SOUSA ARAUJO MARQUES','SU BELLA','','(88) 3665-4014');
INSERT OR IGNORE INTO fornecedor (`cnpj`,`nome`,`fantasia`,`email`,`telefone`) VALUES ('07891619000182','ALBERTO AUGUSTO MAGALHAES ROCHA','','conttec@hotmail.com','(85) 3046-5012 / (85) 3046-5012 / (85) 3046-5012');
INSERT OR IGNORE INTO fornecedor (`cnpj`,`nome`,`fantasia`,`email`,`telefone`) VALUES ('07899288000127','LUCIANE V. GRAVEL MARTINEZ','SONHO.COM','','(32) 3724-1004');
INSERT OR IGNORE INTO fornecedor (`cnpj`,`nome`,`fantasia`,`email`,`telefone`) VALUES ('08211980000345','J C DE SOUZA CONFECCOES','','','(81) 3731-2959 / (81) 3731-2959');
INSERT OR IGNORE INTO fornecedor (`cnpj`,`nome`,`fantasia`,`email`,`telefone`) VALUES ('08269448000117','ANTONIO NARCESIO CARNEIRO','ZHOMEM CUECAS','prestecon@veloxmail.con.br','(85) 3286-5893/ (85) 3402-6312');
INSERT OR IGNORE INTO fornecedor (`cnpj`,`nome`,`fantasia`,`email`,`telefone`) VALUES ('08307549000216','ALTOMAX COMERCIO DE MEIAS E COBERTORES, IMPORTACAO E EXPORTACAO EIRELI','Q&A - CASA DO COBERTOR','qiaimportados@igloud.com','(67) 3474-3350');
INSERT OR IGNORE INTO fornecedor (`cnpj`,`nome`,`fantasia`,`email`,`telefone`) VALUES ('08496741000117','VILAUBA LUCIA DE ARAUJO SOUSA SOARES','VIVI VARIEDADES','','(85) 3496-5173');
INSERT OR IGNORE INTO fornecedor (`cnpj`,`nome`,`fantasia`,`email`,`telefone`) VALUES ('08672845000135','V A TAVARES INDUSTRIA E COMERCIO DE CONFECCOES LTDA','ONDA MANIA','','(85) 9927-5193/ (85) 3295-4413');
INSERT OR IGNORE INTO fornecedor (`cnpj`,`nome`,`fantasia`,`email`,`telefone`) VALUES ('08727462000117','LUMA INDUSTRIA E COMERCIO DE CONFECCOES LTDA','','contabiliz@ig.com.br','(98) 3236-3587');
INSERT OR IGNORE INTO fornecedor (`cnpj`,`nome`,`fantasia`,`email`,`telefone`) VALUES ('08830162000169','T & R INDUSTRIA E COMERCIO DE CONFECCOES LTDA','THAIS ALMEIDA LINGERIE','',NULL);
INSERT OR IGNORE INTO fornecedor (`cnpj`,`nome`,`fantasia`,`email`,`telefone`) VALUES ('09362333000135','DETALHES LINGERIE INDUSTRIA E COMERCIO DE CONFECCOES LTDA','','','(85) 3491-4152');
INSERT OR IGNORE INTO fornecedor (`cnpj`,`nome`,`fantasia`,`email`,`telefone`) VALUES ('10394779000120','ANA SINTIA DE SOUSA CONFECCAO','ESTILOSA FASHION','contato@empresariobrasil.com.br','(85) 4101-6157/ (85) 8710-5690');
INSERT OR IGNORE INTO fornecedor (`cnpj`,`nome`,`fantasia`,`email`,`telefone`) VALUES ('10399098000155','FLOR DALIA MODA INTIMA - INDUSTRIA E COMERCIO DE PECAS INTIMAS LTDA','FLOR FINA CRIACOES','','(85) 3213-3335/ (85) 3252-3002');
INSERT OR IGNORE INTO fornecedor (`cnpj`,`nome`,`fantasia`,`email`,`telefone`) VALUES ('10989463000181','GISA CONFECCOES EIRELI','HEISIG LINGERIE','claudino@claudinoeassociados.com.br','(35) 3553-1106');
INSERT OR IGNORE INTO fornecedor (`cnpj`,`nome`,`fantasia`,`email`,`telefone`) VALUES ('11075834000182','ROMILDO ARCENIO FERREIRA','MARIHA MODA INTIMA','','(85) 9641-4959');
INSERT OR IGNORE INTO fornecedor (`cnpj`,`nome`,`fantasia`,`email`,`telefone`) VALUES ('11230397000124','F N DE BRITO CONFECCOES','D+ B / DE BRITTOS','nncontabilidade@hotmail.com',NULL);
INSERT OR IGNORE INTO fornecedor (`cnpj`,`nome`,`fantasia`,`email`,`telefone`) VALUES ('11607030000187','CORPO A CORPO CONFECCOES FRIBURGO LTDA','CORPO A CORPO','rccontabi@gmail.com',NULL);
INSERT OR IGNORE INTO fornecedor (`cnpj`,`nome`,`fantasia`,`email`,`telefone`) VALUES ('11655085000162','GIRISH COMERCIO IMPORTADOS E EXPORTADOS EIRELI','GEMS','','(82) 3326-4510');
INSERT OR IGNORE INTO fornecedor (`cnpj`,`nome`,`fantasia`,`email`,`telefone`) VALUES ('11673901000160','DELMAR MODA PRAIA LTDA','DELMAR MODA PRAIA','nath.silveira@hotmail.com','(85) 9986-6555 / (85) 9136-5764');
INSERT OR IGNORE INTO fornecedor (`cnpj`,`nome`,`fantasia`,`email`,`telefone`) VALUES ('11816911000108','JOSE FLAVIO DA SILVA CONFECCAO','CINDERELLY','','(85) 3496-2741');
INSERT OR IGNORE INTO fornecedor (`cnpj`,`nome`,`fantasia`,`email`,`telefone`) VALUES ('11856981000190','DALILA RIBEIRO DA SILVA 48880779320','','','(98) 8811-4453');
INSERT OR IGNORE INTO fornecedor (`cnpj`,`nome`,`fantasia`,`email`,`telefone`) VALUES ('11929440000144','NUBIA SOUZA LIMA','SLEEP BEM','ascontelce@hotmail.com','(85) 3496-4812 / (85) 3496-4812');
INSERT OR IGNORE INTO fornecedor (`cnpj`,`nome`,`fantasia`,`email`,`telefone`) VALUES ('12087295000164','ARAWA IMPORTACAO E EXPORTACAO DE ACESSORIOS LTDA','ARAWA PRODUCTS LTD','','(69) 3411-2500 / (69) 3411-2500 / (69) 3411-2501');
INSERT OR IGNORE INTO fornecedor (`cnpj`,`nome`,`fantasia`,`email`,`telefone`) VALUES ('12087759000132','FRANCISCO VALDECI FREITAS DA SILVA','ARLINDA FREITAS','arlindamodaintima@hotmail.com','(85) 3290-0790 / (85) 8825-1431 / (85) 8825-1431');
INSERT OR IGNORE INTO fornecedor (`cnpj`,`nome`,`fantasia`,`email`,`telefone`) VALUES ('12267867000197','FRANCISCO ITALO MARTINS GUERRA','TRACOS INTIMOS','','(85) 3473-8454');
INSERT OR IGNORE INTO fornecedor (`cnpj`,`nome`,`fantasia`,`email`,`telefone`) VALUES ('12434748000181','3D INDUSTRIA E COMERCIO DE CONFECCOES LTDA','FINO CORPO','finocorpolingerie@hotmail.com','(85) 3341-7000');
INSERT OR IGNORE INTO fornecedor (`cnpj`,`nome`,`fantasia`,`email`,`telefone`) VALUES ('12465016000159','COMERCIAL NOBRE PRESENTES LTDA','','contador.auge@gmail.com','(11) 3228-6006');
INSERT OR IGNORE INTO fornecedor (`cnpj`,`nome`,`fantasia`,`email`,`telefone`) VALUES ('12488429000159','AREIA DO MAR - INDUSTRIA E COMERCIO DE CONFECCOES LTDA','AREIA DO MAR','','(85) 3290-6364');
INSERT OR IGNORE INTO fornecedor (`cnpj`,`nome`,`fantasia`,`email`,`telefone`) VALUES ('12576900000160','FREITAS NEVES INDUSTRIA E COMERCIO DE CONFECCOES LTDA','RAQUEL VIVIANE LINGERIES','wag_n@hotmail.com','(85) 8651-0775/ (85) 8588-7031');
INSERT OR IGNORE INTO fornecedor (`cnpj`,`nome`,`fantasia`,`email`,`telefone`) VALUES ('12691498000165','JOSE WILSON DO NASCIMENTO FILHO','','','(85) 8756-9251');
INSERT OR IGNORE INTO fornecedor (`cnpj`,`nome`,`fantasia`,`email`,`telefone`) VALUES ('12983703000166','CINARA KELLY BARBOZA DE OLIVEIRA','D'' BRONZE CONFECCOES','','(85) 3484-0384/ (85) 8718-1804');
INSERT OR IGNORE INTO fornecedor (`cnpj`,`nome`,`fantasia`,`email`,`telefone`) VALUES ('13120988000174','KESIA SALES ROCHA','SANFELK','','(85) 3226-0214');
INSERT OR IGNORE INTO fornecedor (`cnpj`,`nome`,`fantasia`,`email`,`telefone`) VALUES ('13122010000141','JOEVI - INDUSTRIA E COMERCIO DE CONFECCOES LTDA','JOEVI','jarismarduete@hotmail.com','(85) 3491-3632 / (85) 3491-3632');
INSERT OR IGNORE INTO fornecedor (`cnpj`,`nome`,`fantasia`,`email`,`telefone`) VALUES ('13231850000142','G F DE CASTRO','RICCY',NULL,NULL);
INSERT OR IGNORE INTO fornecedor (`cnpj`,`nome`,`fantasia`,`email`,`telefone`) VALUES ('13839708000182','JCLF CONFECCOES LTDA','LIDUINA FREITAS LINGERIE','claudivanbatista_@hotmail.com','(85) 3496-4019/ (85) 8857-3814');
INSERT OR IGNORE INTO fornecedor (`cnpj`,`nome`,`fantasia`,`email`,`telefone`) VALUES ('13938943000101','JOSE LUCAS SILVA BORGES','VANDA MODA INTIMA','ferreiraborges@oi.com.br','(98) 8809-2005');
INSERT OR IGNORE INTO fornecedor (`cnpj`,`nome`,`fantasia`,`email`,`telefone`) VALUES ('14128871000108','M DO CARMO DA MOTA','','','(88) 3665-4086');
INSERT OR IGNORE INTO fornecedor (`cnpj`,`nome`,`fantasia`,`email`,`telefone`) VALUES ('14344779000258','MATRIX INTERCOM LTDA','','contabilidade@matrixintercom.com.br','(21) 3505-8000');
INSERT OR IGNORE INTO fornecedor (`cnpj`,`nome`,`fantasia`,`email`,`telefone`) VALUES ('14751869000182','JOSE AILTON PEREIRA DE SOUSA','LALA LANGERIE','ailton1602@hotmail.com','(85) 8704-3108');
INSERT OR IGNORE INTO fornecedor (`cnpj`,`nome`,`fantasia`,`email`,`telefone`) VALUES ('15067920000102','MARIA ROSIMERE DUTRA ARAUJO','','','(88) 9967-5154');
INSERT OR IGNORE INTO fornecedor (`cnpj`,`nome`,`fantasia`,`email`,`telefone`) VALUES ('15074054000179','MANOEL IVO DE ARAUJO 99608170320','','','(85) 8765-6561');
INSERT OR IGNORE INTO fornecedor (`cnpj`,`nome`,`fantasia`,`email`,`telefone`) VALUES ('15178094000160','JOSE LUCILANE VASCONCELOS 43696376353','AMARÉ','','(85) 3478-4958');
INSERT OR IGNORE INTO fornecedor (`cnpj`,`nome`,`fantasia`,`email`,`telefone`) VALUES ('15341327000102','J P DE SOUZA CONFECCOES','BRONZE PERFEITO',NULL,NULL);
INSERT OR IGNORE INTO fornecedor (`cnpj`,`nome`,`fantasia`,`email`,`telefone`) VALUES ('15685482000138','DEL LIRIO INDUSTRIA E COMERCIO DE CONFECCOES LTDA','DEL LIRIO','eneascarlos@yahoo.com.br','(85) 3088-2641/ (85) 3021-0329');
INSERT OR IGNORE INTO fornecedor (`cnpj`,`nome`,`fantasia`,`email`,`telefone`) VALUES ('15824332000168','ANTONIO ALENCAR DE ARAUJO','HALLAN','','(88) 9948-5554');
INSERT OR IGNORE INTO fornecedor (`cnpj`,`nome`,`fantasia`,`email`,`telefone`) VALUES ('16680691000151','ROMULO DE FARIAS FERNANDES 64314901349','','romulofarias26@gmail.com','(85) 8686-8687');
INSERT OR IGNORE INTO fornecedor (`cnpj`,`nome`,`fantasia`,`email`,`telefone`) VALUES ('17311075000196','JESSICA RODRIGUES DO NASCIMENTO 05030606319','GIGI MODA MNTIMA','jessicarodriguesnascimento15@gmail.com',NULL);
INSERT OR IGNORE INTO fornecedor (`cnpj`,`nome`,`fantasia`,`email`,`telefone`) VALUES ('17382956000106','MARCOS ANTONIO DE ANDRADE ESCODELLS','MARKINY MODA PRAIA','markinhosdatuka@hotmail.com','(85) 3292-1712 / (85) 8668-4678 / (85) 3252-8805');
INSERT OR IGNORE INTO fornecedor (`cnpj`,`nome`,`fantasia`,`email`,`telefone`) VALUES ('17501536000193','MARIA LIDIANE ROCHA','','','(85) 3473-8454');
INSERT OR IGNORE INTO fornecedor (`cnpj`,`nome`,`fantasia`,`email`,`telefone`) VALUES ('17708430000165','MONKYI IMPORTADORA E EXPORTADORA EIRELI','','j.messini@monkyi.com.br','(11) 3208-4796');
INSERT OR IGNORE INTO fornecedor (`cnpj`,`nome`,`fantasia`,`email`,`telefone`) VALUES ('17722480000105','SANTA PASSION INDUSTRIA E COMERCIO DE CONFECCOES LTDA','SANTA PASSION LINGERIE','financeiro@santapassion.com.br',NULL);
INSERT OR IGNORE INTO fornecedor (`cnpj`,`nome`,`fantasia`,`email`,`telefone`) VALUES ('18323421000119','HANGAR MORIAH COMERCIO GERAL LTDA','HANGAR MORIAH','sem.email@sem.email','(11) 9999-9999');
INSERT OR IGNORE INTO fornecedor (`cnpj`,`nome`,`fantasia`,`email`,`telefone`) VALUES ('18738629000107','H&D CONFECCOES LTDA','H&D CONFECCOES','hlecontabilidade@hotmail.com','(81) 3726-4353');
INSERT OR IGNORE INTO fornecedor (`cnpj`,`nome`,`fantasia`,`email`,`telefone`) VALUES ('19256936000106','MARBELLA COMERCIO ATACADISTA DE CONFECCOES LTDA','MARBELLA ATACADISTA',NULL,NULL);
INSERT OR IGNORE INTO fornecedor (`cnpj`,`nome`,`fantasia`,`email`,`telefone`) VALUES ('19470555000125','GENESIS INDUSTRIA TEXTIL LTDA','MALHARIA GENESIS','malhariagenesis@gmail.com','(98) 3236-4243');
INSERT OR IGNORE INTO fornecedor (`cnpj`,`nome`,`fantasia`,`email`,`telefone`) VALUES ('19847184000158','ALEXSANDRA M B VERAS','BIA MAR CONFECCAO DE MODA PRAIA','biamar.modapraia@outlook.com','(85) 8602-1043');
INSERT OR IGNORE INTO fornecedor (`cnpj`,`nome`,`fantasia`,`email`,`telefone`) VALUES ('19955206000101','MARIA CELENE PEREIRA MOREIRA CANTANHEDE 37610104353','CELENE MODA INTIMA','',NULL);
INSERT OR IGNORE INTO fornecedor (`cnpj`,`nome`,`fantasia`,`email`,`telefone`) VALUES ('20150008000141','AMITAF INDUSTRIA E COMERCIO MODA PRAIA EIRELI','AMITAF MODA PRAIA','claudio.for@hotmail.com','(85) 9995-1015');
INSERT OR IGNORE INTO fornecedor (`cnpj`,`nome`,`fantasia`,`email`,`telefone`) VALUES ('20474934000172','CONFECCOES YANNI LTDA','','cadastro@valescacontabilidade.com.br','(51) 3493-3955');
INSERT OR IGNORE INTO fornecedor (`cnpj`,`nome`,`fantasia`,`email`,`telefone`) VALUES ('20517933000168','JOSE JANILSON ALMEIDA CRUZ','COCO & BRONZE',NULL,NULL);
INSERT OR IGNORE INTO fornecedor (`cnpj`,`nome`,`fantasia`,`email`,`telefone`) VALUES ('21040632000159','RAIMUNDO FORTUNATO DE SOUSA 41715829387','MANÁ MODA INTIMA','claudenizionasc@hotmail.com','(85) 3343-0472');
INSERT OR IGNORE INTO fornecedor (`cnpj`,`nome`,`fantasia`,`email`,`telefone`) VALUES ('21718857000200','MMP GLOBAL COMERCIO IMPORTACAO E EXPORTACAO LTDA','MMP GLOBAL','pedro@doccontabil.com.br',NULL);
INSERT OR IGNORE INTO fornecedor (`cnpj`,`nome`,`fantasia`,`email`,`telefone`) VALUES ('21985815000147','C. N. R. LIMA','VAYDOSA MODA PRAIA','contador.ademir@hotmail.com','(85) 9682-9392');
INSERT OR IGNORE INTO fornecedor (`cnpj`,`nome`,`fantasia`,`email`,`telefone`) VALUES ('22279146000150','RONDON TRADING LTDA','','batista.polli.fiscal@gmail.com','(69) 3229-9123');
INSERT OR IGNORE INTO fornecedor (`cnpj`,`nome`,`fantasia`,`email`,`telefone`) VALUES ('22662223000157','SENSUALIZE INDUSTRIA E COMERCIO EIRELI','SENSUALIZE','claudino@claudinoeassociados.com.br','(35) 3551-7510 / (35) 3551-0601 / (35) 3551-7510');
INSERT OR IGNORE INTO fornecedor (`cnpj`,`nome`,`fantasia`,`email`,`telefone`) VALUES ('22741382000147','PAULO ZITO DE SOUSA','ZILOOK MODA INTIMA','','(85) 8549-7812');
INSERT OR IGNORE INTO fornecedor (`cnpj`,`nome`,`fantasia`,`email`,`telefone`) VALUES ('22760549000117','ANA PAULA ARAUJO 03510185498','ALAGUA - MODA PRAIA','aladinribeiro@hotmail.com','(85) 3236-3822');
INSERT OR IGNORE INTO fornecedor (`cnpj`,`nome`,`fantasia`,`email`,`telefone`) VALUES ('23632234000157','FRANCISCO VALDENILSON FREITAS DA SILVA 86520148334','LUANA EVENI LINGERIE','valdenilsonfreitas08@gmail.com','(85) 8603-2186');
INSERT OR IGNORE INTO fornecedor (`cnpj`,`nome`,`fantasia`,`email`,`telefone`) VALUES ('24217050000193','ELTON JHONATTY DA SILVA','','','(81) 3045-2426');
INSERT OR IGNORE INTO fornecedor (`cnpj`,`nome`,`fantasia`,`email`,`telefone`) VALUES ('24649342000103','F V SALES DA SILVA LINGERIE','D'' MIMOS','lc.comtabilidade@hotmail.com',NULL);
INSERT OR IGNORE INTO fornecedor (`cnpj`,`nome`,`fantasia`,`email`,`telefone`) VALUES ('24839000000148','ANDREIA IMACULADA ROCHA SENA','R.SENA CONFECCOES','rosefashion123456@gmail.com','(85) 8564-4250');
INSERT OR IGNORE INTO fornecedor (`cnpj`,`nome`,`fantasia`,`email`,`telefone`) VALUES ('25069256000186','M. C. ARRUDA DE ANDRADE','ESTILO TROPICAL',NULL,NULL);
INSERT OR IGNORE INTO fornecedor (`cnpj`,`nome`,`fantasia`,`email`,`telefone`) VALUES ('26132572000118','I C B CARNEIRO','DNUDE ROSA LINGERIE','icarocesar22@hotmail.com',NULL);
INSERT OR IGNORE INTO fornecedor (`cnpj`,`nome`,`fantasia`,`email`,`telefone`) VALUES ('28881833000128','FRANCISCO AGLAILSON DE FREITAS PINHEIRO 01462449310','','','(85) 8793-2756');
INSERT OR IGNORE INTO fornecedor (`cnpj`,`nome`,`fantasia`,`email`,`telefone`) VALUES ('29427627000105','ALISSON OLIVEIRA GOMES 05183942390','D'' BRONZE','','(85) 3088-0565');
INSERT OR IGNORE INTO fornecedor (`cnpj`,`nome`,`fantasia`,`email`,`telefone`) VALUES ('30162318000130','PAULO MATEUS CARDOZO MACEDONIO','ELEGANCE CONFECCOES','elegancefitnessecasual@hotmail.com','(47) 9842-4543');
INSERT OR IGNORE INTO fornecedor (`cnpj`,`nome`,`fantasia`,`email`,`telefone`) VALUES ('35070440000108','MARIA VERA LUCIA ROCHA PINHEIRO','CALOR DA PELE',NULL,NULL);
INSERT OR IGNORE INTO fornecedor (`cnpj`,`nome`,`fantasia`,`email`,`telefone`) VALUES ('41303843000144','JOVELINO DA COSTA GOMES','THALY MODA INTIMA','','');
INSERT OR IGNORE INTO fornecedor (`cnpj`,`nome`,`fantasia`,`email`,`telefone`) VALUES ('41307968000142','RENASAN INDUSTRIA COMERCIO DE CONFECCAO LTDA','EFEITO SPECIAL','','(85) 3226-9874 / (85) 2511-712');
INSERT OR IGNORE INTO fornecedor (`cnpj`,`nome`,`fantasia`,`email`,`telefone`) VALUES ('41401977000106','OLINDA F DE SOUSA EIRELI','OLINDA CONFECCOES/THAYS E THAMIRES',NULL,NULL);
INSERT OR IGNORE INTO fornecedor (`cnpj`,`nome`,`fantasia`,`email`,`telefone`) VALUES ('47254545000198','SELENE INDUSTRIA TEXTIL S A','','contador@selene.com.br','(15) 3384-8888');
INSERT OR IGNORE INTO fornecedor (`cnpj`,`nome`,`fantasia`,`email`,`telefone`) VALUES ('72411804000194','MARIA DE FATIMA DO NASCIMENTO 14120992349','FAGIAN CONFECCOES',NULL,NULL);
INSERT OR IGNORE INTO fornecedor (`cnpj`,`nome`,`fantasia`,`email`,`telefone`) VALUES ('96313796000101','KINGDOM IMPORTACAO E EXPORTACAO LTDA','','g2@g2.cnt.br','(19) 3873-3900/ (19) 3873-4877');
INSERT OR IGNORE INTO fornecedor (`cnpj`,`nome`,`fantasia`,`email`,`telefone`) VALUES ('97341283000177','TEREZINHA SANTOS DE AGUIAR MIRANDA CONFECCOES EIRELI','HARDY LINGERIE','','(88) 3655-1181');

INSERT OR IGNORE INTO produto (`cod_barra`,`fornecedor`,`marca`,`descricao`,`preco`,`ncm`) VALUES ('14000','15685482000138','DELÍRIO MODA ÍNTIMA','MODELADOR C PERNA 4025',88,NULL);
INSERT OR IGNORE INTO produto (`cod_barra`,`fornecedor`,`marca`,`descricao`,`preco`,`ncm`) VALUES ('14001','15685482000138','DELÍRIO MODA ÍNTIMA','CINTA FIO DENTAL 1168',29,NULL);
INSERT OR IGNORE INTO produto (`cod_barra`,`fornecedor`,`marca`,`descricao`,`preco`,`ncm`) VALUES ('14002','15685482000138','DELÍRIO MODA ÍNTIMA','SUTIA PLUS SIZE 2210.3',63,NULL);
INSERT OR IGNORE INTO produto (`cod_barra`,`fornecedor`,`marca`,`descricao`,`preco`,`ncm`) VALUES ('14003','15685482000138','DELÍRIO MODA ÍNTIMA','MODELADOR C RENDA 4027',85,NULL);
INSERT OR IGNORE INTO produto (`cod_barra`,`fornecedor`,`marca`,`descricao`,`preco`,`ncm`) VALUES ('14004','15685482000138','DELÍRIO MODA ÍNTIMA','BUNDEX DEBORA 0010',55,NULL);
INSERT OR IGNORE INTO produto (`cod_barra`,`fornecedor`,`marca`,`descricao`,`preco`,`ncm`) VALUES ('14005','15685482000138','DELÍRIO MODA ÍNTIMA','SHORT BUMBUM 1178',75,NULL);
INSERT OR IGNORE INTO produto (`cod_barra`,`fornecedor`,`marca`,`descricao`,`preco`,`ncm`) VALUES ('14006','15685482000138','DELÍRIO MODA ÍNTIMA','MODELADOR SEME FIO 4055',78,NULL);
INSERT OR IGNORE INTO produto (`cod_barra`,`fornecedor`,`marca`,`descricao`,`preco`,`ncm`) VALUES ('14007','15685482000138','DELÍRIO MODA ÍNTIMA','CORPETE KARINY 2271',65,NULL);
INSERT OR IGNORE INTO produto (`cod_barra`,`fornecedor`,`marca`,`descricao`,`preco`,`ncm`) VALUES ('14008','15685482000138','DELÍRIO MODA ÍNTIMA','MODELADOR ESTEFANY 4074',88,NULL);
INSERT OR IGNORE INTO produto (`cod_barra`,`fornecedor`,`marca`,`descricao`,`preco`,`ncm`) VALUES ('14009','15685482000138','DELÍRIO MODA ÍNTIMA','PERNINHA S BOJO 4067',88,NULL);
INSERT OR IGNORE INTO produto (`cod_barra`,`fornecedor`,`marca`,`descricao`,`preco`,`ncm`) VALUES ('14010','15685482000138','DELÍRIO MODA ÍNTIMA','TOP DUDA 2212',48,NULL);
INSERT OR IGNORE INTO produto (`cod_barra`,`fornecedor`,`marca`,`descricao`,`preco`,`ncm`) VALUES ('14011','15685482000138','DELÍRIO MODA ÍNTIMA','TOP DUPLO MOLDADO 2207',48,NULL);
INSERT OR IGNORE INTO produto (`cod_barra`,`fornecedor`,`marca`,`descricao`,`preco`,`ncm`) VALUES ('14012','15685482000138','DELÍRIO MODA ÍNTIMA','CINTA ZERO CULOTE 1126',65,NULL);
INSERT OR IGNORE INTO produto (`cod_barra`,`fornecedor`,`marca`,`descricao`,`preco`,`ncm`) VALUES ('14013','15685482000138','DELÍRIO MODA ÍNTIMA','CALÇA JANAINA DIVERSOS 10339.2',25,NULL);
INSERT OR IGNORE INTO produto (`cod_barra`,`fornecedor`,`marca`,`descricao`,`preco`,`ncm`) VALUES ('14014','22741382000147','ZILOOK MODA INTIMA','CONJUNTO ZILOOK 02137',35,NULL);
INSERT OR IGNORE INTO produto (`cod_barra`,`fornecedor`,`marca`,`descricao`,`preco`,`ncm`) VALUES ('14015','22741382000147','ZILOOK MODA INTIMA','CONJUNTO ZILOOK 01936',35,NULL);
INSERT OR IGNORE INTO produto (`cod_barra`,`fornecedor`,`marca`,`descricao`,`preco`,`ncm`) VALUES ('14016','22741382000147','ZILOOK MODA INTIMA','CONJUNTO ZILOOK 01922 02113',35,NULL);
INSERT OR IGNORE INTO produto (`cod_barra`,`fornecedor`,`marca`,`descricao`,`preco`,`ncm`) VALUES ('14017','22741382000147','ZILOOK MODA INTIMA','CONJUNTO ZILOOK 01925 01966',35,NULL);
INSERT OR IGNORE INTO produto (`cod_barra`,`fornecedor`,`marca`,`descricao`,`preco`,`ncm`) VALUES ('14018','22741382000147','ZILOOK MODA INTIMA','CONJUNTO ZILOOK 01946',35,NULL);
INSERT OR IGNORE INTO produto (`cod_barra`,`fornecedor`,`marca`,`descricao`,`preco`,`ncm`) VALUES ('14019','22741382000147','ZILOOK MODA INTIMA','CONJUNTO ZILOOK 02143',35,NULL);
INSERT OR IGNORE INTO produto (`cod_barra`,`fornecedor`,`marca`,`descricao`,`preco`,`ncm`) VALUES ('14020','22741382000147','ZILOOK MODA INTIMA','CONJUNTO ZILOOK 01824 01938',35,NULL);
INSERT OR IGNORE INTO produto (`cod_barra`,`fornecedor`,`marca`,`descricao`,`preco`,`ncm`) VALUES ('14021','22741382000147','ZILOOK MODA INTIMA','CONJUNTO ZILOOK 01971',35,NULL);
INSERT OR IGNORE INTO produto (`cod_barra`,`fornecedor`,`marca`,`descricao`,`preco`,`ncm`) VALUES ('14022','22741382000147','ZILOOK MODA INTIMA','CONJUNTO ZILOOK 01982',35,NULL);
INSERT OR IGNORE INTO produto (`cod_barra`,`fornecedor`,`marca`,`descricao`,`preco`,`ncm`) VALUES ('14023','22741382000147','ZILOOK MODA INTIMA','CONJUNTO ZILOOK 02159',35,NULL);
INSERT OR IGNORE INTO produto (`cod_barra`,`fornecedor`,`marca`,`descricao`,`preco`,`ncm`) VALUES ('14024','22741382000147','ZILOOK MODA INTIMA','CONJUNTO ZILOOK 01985',35,NULL);
INSERT OR IGNORE INTO produto (`cod_barra`,`fornecedor`,`marca`,`descricao`,`preco`,`ncm`) VALUES ('14025','22741382000147','ZILOOK MODA INTIMA','CONJUNTO ZILOOK 01924',35,NULL);
INSERT OR IGNORE INTO produto (`cod_barra`,`fornecedor`,`marca`,`descricao`,`preco`,`ncm`) VALUES ('14026','22741382000147','ZILOOK MODA INTIMA','CONJUNTO ZILOOK 02085',35,NULL);
INSERT OR IGNORE INTO produto (`cod_barra`,`fornecedor`,`marca`,`descricao`,`preco`,`ncm`) VALUES ('14027','22741382000147','ZILOOK MODA INTIMA','CONJUNTO ZILOOK 02099',35,NULL);
INSERT OR IGNORE INTO produto (`cod_barra`,`fornecedor`,`marca`,`descricao`,`preco`,`ncm`) VALUES ('14028','22741382000147','ZILOOK MODA INTIMA','CONJUNTO ZILOOK 02112',35,NULL);
INSERT OR IGNORE INTO produto (`cod_barra`,`fornecedor`,`marca`,`descricao`,`preco`,`ncm`) VALUES ('14029','22741382000147','ZILOOK MODA INTIMA','CONJUNTO ZILOOK 02115',35,NULL);
INSERT OR IGNORE INTO produto (`cod_barra`,`fornecedor`,`marca`,`descricao`,`preco`,`ncm`) VALUES ('14030','22741382000147','ZILOOK MODA INTIMA','CONJUNTO ZILOOK 00762',35,NULL);
INSERT OR IGNORE INTO produto (`cod_barra`,`fornecedor`,`marca`,`descricao`,`preco`,`ncm`) VALUES ('14031','22741382000147','ZILOOK MODA INTIMA','CONJUNTO ZILOOK 00189',35,NULL);
INSERT OR IGNORE INTO produto (`cod_barra`,`fornecedor`,`marca`,`descricao`,`preco`,`ncm`) VALUES ('14032','22741382000147','ZILOOK MODA INTIMA','CONJUNTO ZILOOK 00203',35,NULL);
INSERT OR IGNORE INTO produto (`cod_barra`,`fornecedor`,`marca`,`descricao`,`preco`,`ncm`) VALUES ('14033','22741382000147','ZILOOK MODA INTIMA','CONJUNTO ZILOOK 00212 02153',35,NULL);
INSERT OR IGNORE INTO produto (`cod_barra`,`fornecedor`,`marca`,`descricao`,`preco`,`ncm`) VALUES ('14034','22741382000147','ZILOOK MODA INTIMA','CONJUNTO ZILOOK 02144',35,NULL);
INSERT OR IGNORE INTO produto (`cod_barra`,`fornecedor`,`marca`,`descricao`,`preco`,`ncm`) VALUES ('14035','22741382000147','ZILOOK MODA INTIMA','CONJUNTO ZILOOK 02151',35,NULL);
INSERT OR IGNORE INTO produto (`cod_barra`,`fornecedor`,`marca`,`descricao`,`preco`,`ncm`) VALUES ('14036','22741382000147','ZILOOK MODA INTIMA','CONJUNTO ZILOOK 02155',35,NULL);
INSERT OR IGNORE INTO produto (`cod_barra`,`fornecedor`,`marca`,`descricao`,`preco`,`ncm`) VALUES ('14037','22741382000147','ZILOOK MODA INTIMA','CONJUNTO ZILOOK 02161',35,NULL);
INSERT OR IGNORE INTO produto (`cod_barra`,`fornecedor`,`marca`,`descricao`,`preco`,`ncm`) VALUES ('14038','22741382000147','ZILOOK MODA INTIMA','CONJUNTO ZILOOK 02175',35,NULL);
INSERT OR IGNORE INTO produto (`cod_barra`,`fornecedor`,`marca`,`descricao`,`preco`,`ncm`) VALUES ('14039','22741382000147','ZILOOK MODA INTIMA','CONJUNTO ZILOOK 02169',35,NULL);
INSERT OR IGNORE INTO produto (`cod_barra`,`fornecedor`,`marca`,`descricao`,`preco`,`ncm`) VALUES ('14040','22741382000147','ZILOOK MODA INTIMA','CONJUNTO ZILOOK 02138',35,NULL);
INSERT OR IGNORE INTO produto (`cod_barra`,`fornecedor`,`marca`,`descricao`,`preco`,`ncm`) VALUES ('14041','22741382000147','ZILOOK MODA INTIMA','CONJUNTO ZILOOK 02067',35,NULL);
INSERT OR IGNORE INTO produto (`cod_barra`,`fornecedor`,`marca`,`descricao`,`preco`,`ncm`) VALUES ('14042','03336014000179','PATY','CAMISOLA COM DETALHE EM RENDA 410103',48,NULL);
INSERT OR IGNORE INTO produto (`cod_barra`,`fornecedor`,`marca`,`descricao`,`preco`,`ncm`) VALUES ('14043','22741382000147','ZILOOK MODA INTIMA','CONJUNTO ZILOOK 02166',35,NULL);
INSERT OR IGNORE INTO produto (`cod_barra`,`fornecedor`,`marca`,`descricao`,`preco`,`ncm`) VALUES ('14044','22741382000147','ZILOOK MODA INTIMA','CONJUNTO ZILOOK 02185',35,NULL);
INSERT OR IGNORE INTO produto (`cod_barra`,`fornecedor`,`marca`,`descricao`,`preco`,`ncm`) VALUES ('14045','22741382000147','ZILOOK MODA INTIMA','CONJUNTO ZILOOK 02188',35,NULL);
INSERT OR IGNORE INTO produto (`cod_barra`,`fornecedor`,`marca`,`descricao`,`preco`,`ncm`) VALUES ('14046',NULL,NULL,'PIJAMA LIGANETE 20014',45,NULL);
INSERT OR IGNORE INTO produto (`cod_barra`,`fornecedor`,`marca`,`descricao`,`preco`,`ncm`) VALUES ('14047','03336014000179','PATY','SUTIA COSTA SILICONE 13125',48,NULL);
INSERT OR IGNORE INTO produto (`cod_barra`,`fornecedor`,`marca`,`descricao`,`preco`,`ncm`) VALUES ('14048','22741382000147','ZILOOK MODA INTIMA','CONJUNTO ZILOOK 02167',35,NULL);
INSERT OR IGNORE INTO produto (`cod_barra`,`fornecedor`,`marca`,`descricao`,`preco`,`ncm`) VALUES ('14049','12267867000197','TODA DELICADA','CAMISOLA TRANSPARENTE TODA DELICADA',58,NULL);
INSERT OR IGNORE INTO produto (`cod_barra`,`fornecedor`,`marca`,`descricao`,`preco`,`ncm`) VALUES ('14050','12267867000197','TODA DELICADA','CONJUNTO CALISSON TODA DELICADA',39,NULL);
INSERT OR IGNORE INTO produto (`cod_barra`,`fornecedor`,`marca`,`descricao`,`preco`,`ncm`) VALUES ('14051','22760549000117','ALAGUA MODA PRAIA','SAIDA DE PRAIA LONGA REGATA',60,NULL);
INSERT OR IGNORE INTO produto (`cod_barra`,`fornecedor`,`marca`,`descricao`,`preco`,`ncm`) VALUES ('14052','22760549000117','ALAGUA MODA PRAIA','CALÇA SAÍDA DE PRAIA COM RENDA',60,NULL);
INSERT OR IGNORE INTO produto (`cod_barra`,`fornecedor`,`marca`,`descricao`,`preco`,`ncm`) VALUES ('14053','18738629000107','MAROOT''S','BIQUINI CALCINHA DUPLA',75,NULL);
INSERT OR IGNORE INTO produto (`cod_barra`,`fornecedor`,`marca`,`descricao`,`preco`,`ncm`) VALUES ('14054','18738629000107','MAROOT''S','CONJUNTO TOP C CALCINHA LACINHO',69,NULL);
INSERT OR IGNORE INTO produto (`cod_barra`,`fornecedor`,`marca`,`descricao`,`preco`,`ncm`) VALUES ('14055','18738629000107','MAROOT''S','BIQUINI RIPPLE FIO DENTAL',69,NULL);
INSERT OR IGNORE INTO produto (`cod_barra`,`fornecedor`,`marca`,`descricao`,`preco`,`ncm`) VALUES ('14056','18738629000107','MAROOT''S','CONJUNTO TOMARA QUE CAIA',75,NULL);
INSERT OR IGNORE INTO produto (`cod_barra`,`fornecedor`,`marca`,`descricao`,`preco`,`ncm`) VALUES ('14057','18738629000107','MAROOT''S','BIQUINI COM ARO EM V',75,NULL);
INSERT OR IGNORE INTO produto (`cod_barra`,`fornecedor`,`marca`,`descricao`,`preco`,`ncm`) VALUES ('14058','18738629000107','MAROOT''S','CONJUNTO TOMARA QUE CAIA COM FIVELA',75,NULL);
INSERT OR IGNORE INTO produto (`cod_barra`,`fornecedor`,`marca`,`descricao`,`preco`,`ncm`) VALUES ('14059','18738629000107','MAROOT''S','BIQUINI CORTININHA TRADICIONAL',58,NULL);
INSERT OR IGNORE INTO produto (`cod_barra`,`fornecedor`,`marca`,`descricao`,`preco`,`ncm`) VALUES ('14060','18738629000107','MAROOT''S','MAIO COM RECORTE',78,NULL);
INSERT OR IGNORE INTO produto (`cod_barra`,`fornecedor`,`marca`,`descricao`,`preco`,`ncm`) VALUES ('14061','18738629000107','MAROOT''S','CONJUNTO TOMARA QUE CAIA COM ARGOLA',75,NULL);
INSERT OR IGNORE INTO produto (`cod_barra`,`fornecedor`,`marca`,`descricao`,`preco`,`ncm`) VALUES ('14062','22741382000147','ZILOOK MODA INTIMA','CONJUNTO ZILOOK 02152',35,NULL);
INSERT OR IGNORE INTO produto (`cod_barra`,`fornecedor`,`marca`,`descricao`,`preco`,`ncm`) VALUES ('14063','22741382000147','ZILOOK MODA INTIMA','CONJUNTO ZILOOK 02179',35,NULL);
INSERT OR IGNORE INTO produto (`cod_barra`,`fornecedor`,`marca`,`descricao`,`preco`,`ncm`) VALUES ('14064','22741382000147','ZILOOK MODA INTIMA','CONJUNTO ZILOOK 02146',35,NULL);
INSERT OR IGNORE INTO produto (`cod_barra`,`fornecedor`,`marca`,`descricao`,`preco`,`ncm`) VALUES ('14065','13938943000101','VANDA MODA ÍNTIMA','CAMISOLA DE PALA',29,NULL);
INSERT OR IGNORE INTO produto (`cod_barra`,`fornecedor`,`marca`,`descricao`,`preco`,`ncm`) VALUES ('14066','12576900000160','RAQUEL VIVIANE LINGERIES','CALÇA CINTA 101090',28,NULL);
INSERT OR IGNORE INTO produto (`cod_barra`,`fornecedor`,`marca`,`descricao`,`preco`,`ncm`) VALUES ('14067','12267867000197','TODA DELICADA','BABYDOLL JAPA RENDA S BOJO TODA DELICADA',48,NULL);
INSERT OR IGNORE INTO produto (`cod_barra`,`fornecedor`,`marca`,`descricao`,`preco`,`ncm`) VALUES ('14068','18738629000107','MAROOT''S','BIQUINI CROPPED',68,NULL);
INSERT OR IGNORE INTO produto (`cod_barra`,`fornecedor`,`marca`,`descricao`,`preco`,`ncm`) VALUES ('14069','18738629000107','MAROOT''S','MAIO COM VIEIS LATERAL',95,NULL);
INSERT OR IGNORE INTO produto (`cod_barra`,`fornecedor`,`marca`,`descricao`,`preco`,`ncm`) VALUES ('14070','18738629000107','MAROOT''S','MAIO DE UM OMBRO SÓ 2018',85,NULL);
INSERT OR IGNORE INTO produto (`cod_barra`,`fornecedor`,`marca`,`descricao`,`preco`,`ncm`) VALUES ('14071','18738629000107','MAROOT''S','BIQUINI TOP UM OMBRO SÓ',48,NULL);
INSERT OR IGNORE INTO produto (`cod_barra`,`fornecedor`,`marca`,`descricao`,`preco`,`ncm`) VALUES ('14072','12267867000197','TODA DELICADA','CALÇA FIO DENTAL TODA DELICADA',12,NULL);
INSERT OR IGNORE INTO produto (`cod_barra`,`fornecedor`,`marca`,`descricao`,`preco`,`ncm`) VALUES ('14073','12267867000197','TODA DELICADA','CALÇA RENDA TODA DELICADA',12,NULL);
INSERT OR IGNORE INTO produto (`cod_barra`,`fornecedor`,`marca`,`descricao`,`preco`,`ncm`) VALUES ('14074',NULL,NULL,'SUTIA TOMARA QUE CAIA 4031',38,NULL);
INSERT OR IGNORE INTO produto (`cod_barra`,`fornecedor`,`marca`,`descricao`,`preco`,`ncm`) VALUES ('14075','18323421000119','AMORARMA','CALCA SEM COSTURA EST SC-D301/P',15,NULL);
INSERT OR IGNORE INTO produto (`cod_barra`,`fornecedor`,`marca`,`descricao`,`preco`,`ncm`) VALUES ('14076','07899288000127','SONHO.COM','PIJAMA ALG ADL MANGA ABERTA 61032',85,'');
INSERT OR IGNORE INTO produto (`cod_barra`,`fornecedor`,`marca`,`descricao`,`preco`,`ncm`) VALUES ('14077','07899288000127','SONHO.COM','BABYDOLL ALG M MANGA SWEET 11007',58,'');
INSERT OR IGNORE INTO produto (`cod_barra`,`fornecedor`,`marca`,`descricao`,`preco`,`ncm`) VALUES ('14078','07899288000127','SONHO.COM','BABYDOLL LIGANETE ALÇA ONÇA 5209',68,'');
INSERT OR IGNORE INTO produto (`cod_barra`,`fornecedor`,`marca`,`descricao`,`preco`,`ncm`) VALUES ('14079','07899288000127','SONHO.COM','BABYDOLL POLIAM INF CAT DONUTS 5504',48,'');
INSERT OR IGNORE INTO produto (`cod_barra`,`fornecedor`,`marca`,`descricao`,`preco`,`ncm`) VALUES ('14080','07899288000127','SONHO.COM','CAMISOLA POLIA REG CAT DONUTS 5404',85,'');
INSERT OR IGNORE INTO produto (`cod_barra`,`fornecedor`,`marca`,`descricao`,`preco`,`ncm`) VALUES ('14081','07899288000127','SONHO.COM','BABYDOLL ALG REG SWEET BALAO 11005',58,'');
INSERT OR IGNORE INTO produto (`cod_barra`,`fornecedor`,`marca`,`descricao`,`preco`,`ncm`) VALUES ('14082','07899288000127','SONHO.COM','BABYDOLL ALG REG GATO SMOOTH 11003',58,'');
INSERT OR IGNORE INTO produto (`cod_barra`,`fornecedor`,`marca`,`descricao`,`preco`,`ncm`) VALUES ('14083','07899288000127','SONHO.COM','BABYDOLL ALG REG GATO SMOOTH 18003',45,'');
INSERT OR IGNORE INTO produto (`cod_barra`,`fornecedor`,`marca`,`descricao`,`preco`,`ncm`) VALUES ('14084','07899288000127','SONHO.COM','BABYDOLL ALG ALÇA GATO SMOOTH 11004',58,'');
INSERT OR IGNORE INTO produto (`cod_barra`,`fornecedor`,`marca`,`descricao`,`preco`,`ncm`) VALUES ('14085','07899288000127','SONHO.COM','CAMISOLA PV ALÇA AMTAR DAMA FLORAL 31042',68,'');
INSERT OR IGNORE INTO produto (`cod_barra`,`fornecedor`,`marca`,`descricao`,`preco`,`ncm`) VALUES ('14086','07899288000127','SONHO.COM','CAMISOLA PV ABERTO MANGA 31036',68,'');
INSERT OR IGNORE INTO produto (`cod_barra`,`fornecedor`,`marca`,`descricao`,`preco`,`ncm`) VALUES ('14087','07899288000127','SONHO.COM','CAMISOLA PV MANGA POA PRIMAVERA 31020',68,'');
INSERT OR IGNORE INTO produto (`cod_barra`,`fornecedor`,`marca`,`descricao`,`preco`,`ncm`) VALUES ('14088','07899288000127','SONHO.COM','CAMISOLA PV REG POA ABERTA 31025',68,'');
INSERT OR IGNORE INTO produto (`cod_barra`,`fornecedor`,`marca`,`descricao`,`preco`,`ncm`) VALUES ('14089','07899288000127','SONHO.COM','BABYDOLL INF ALG SWEET BALAO 18005',45,'');
INSERT OR IGNORE INTO produto (`cod_barra`,`fornecedor`,`marca`,`descricao`,`preco`,`ncm`) VALUES ('14090','07899288000127','SONHO.COM','PIJAMA PV INF REG LISTRADO 68019',42,'');
INSERT OR IGNORE INTO produto (`cod_barra`,`fornecedor`,`marca`,`descricao`,`preco`,`ncm`) VALUES ('14091','07899288000127','SONHO.COM','BABYDOLL ALG ALÇA SWEET BALAO 11006',58,'');
INSERT OR IGNORE INTO produto (`cod_barra`,`fornecedor`,`marca`,`descricao`,`preco`,`ncm`) VALUES ('14092','07899288000127','SONHO.COM','CAMISOLA LIGANETE ALÇA RENDA ONÇA 5419',68,'');
INSERT OR IGNORE INTO produto (`cod_barra`,`fornecedor`,`marca`,`descricao`,`preco`,`ncm`) VALUES ('14093','07899288000127','SONHO.COM','CAMISOLA PV AMAMT POA PRIMAVERA 31021',68,'');
INSERT OR IGNORE INTO produto (`cod_barra`,`fornecedor`,`marca`,`descricao`,`preco`,`ncm`) VALUES ('14094','19847184000158','BIA MAR','BIQUINI BIA MAR 3039',59,NULL);
INSERT OR IGNORE INTO produto (`cod_barra`,`fornecedor`,`marca`,`descricao`,`preco`,`ncm`) VALUES ('14095','13938943000101','VANDA MODA ÍNTIMA','PIJAMA PERSONAGEM 1 A 4 ANOS LONGO',35,NULL);
INSERT OR IGNORE INTO produto (`cod_barra`,`fornecedor`,`marca`,`descricao`,`preco`,`ncm`) VALUES ('14096','13938943000101','VANDA MODA ÍNTIMA','PIJAMA PERSONAGEM 1 A 4 ANOS CURTO',25,NULL);
INSERT OR IGNORE INTO produto (`cod_barra`,`fornecedor`,`marca`,`descricao`,`preco`,`ncm`) VALUES ('14097','13938943000101','VANDA MODA ÍNTIMA','PIJAMA PERSONAGEM 6 A 8 ANOS LONGO',43,NULL);
INSERT OR IGNORE INTO produto (`cod_barra`,`fornecedor`,`marca`,`descricao`,`preco`,`ncm`) VALUES ('14098',NULL,NULL,'PEÇA PROMOÇÃO 3 REAIS',3,NULL);
INSERT OR IGNORE INTO produto (`cod_barra`,`fornecedor`,`marca`,`descricao`,`preco`,`ncm`) VALUES ('14099','24839000000148','HARDNESS','CUECA BOX INFANTIL HARDNESS',5,NULL);
INSERT OR IGNORE INTO produto (`cod_barra`,`fornecedor`,`marca`,`descricao`,`preco`,`ncm`) VALUES ('14100','13938943000101','VANDA MODA ÍNTIMA','PIJAMA PERSONAGEM 6 A 8 ANOS CURTO',35,NULL);
INSERT OR IGNORE INTO produto (`cod_barra`,`fornecedor`,`marca`,`descricao`,`preco`,`ncm`) VALUES ('14101','13938943000101','VANDA MODA ÍNTIMA','PIJAMA PERSONAGEM PP LONGO',25,NULL);
INSERT OR IGNORE INTO produto (`cod_barra`,`fornecedor`,`marca`,`descricao`,`preco`,`ncm`) VALUES ('14102','07899288000127','SONHO.COM','CAMISOLA AMAMENT CONFORT 30201',48,NULL);
INSERT OR IGNORE INTO produto (`cod_barra`,`fornecedor`,`marca`,`descricao`,`preco`,`ncm`) VALUES ('14103',NULL,NULL,'CONJUNTO RENDA TODA DELICADA',38,NULL);
INSERT OR IGNORE INTO produto (`cod_barra`,`fornecedor`,`marca`,`descricao`,`preco`,`ncm`) VALUES ('14104','12267867000197','TODA DELICADA','CAMISOLA DE RENDA TRANSPARENTE TODA DELICADA',75,NULL);
INSERT OR IGNORE INTO produto (`cod_barra`,`fornecedor`,`marca`,`descricao`,`preco`,`ncm`) VALUES ('14105','19847184000158','BIA MAR','BIQUINI BIA MAR 3040',60,NULL);
INSERT OR IGNORE INTO produto (`cod_barra`,`fornecedor`,`marca`,`descricao`,`preco`,`ncm`) VALUES ('14106','17722480000105','SANTA PASSION LINGERIE','SUTIA MICRO TOMARA QUE CAIA REFORÇADO 0060206',55,NULL);
INSERT OR IGNORE INTO produto (`cod_barra`,`fornecedor`,`marca`,`descricao`,`preco`,`ncm`) VALUES ('14107','17722480000105','SANTA PASSION LINGERIE','SUTIA RENDADO COM TULY 0072050',63,NULL);
INSERT OR IGNORE INTO produto (`cod_barra`,`fornecedor`,`marca`,`descricao`,`preco`,`ncm`) VALUES ('14108','17722480000105','SANTA PASSION LINGERIE','CALÇA FIO PLUS RENDA ORQUIDEA 0051613',23,NULL);
INSERT OR IGNORE INTO produto (`cod_barra`,`fornecedor`,`marca`,`descricao`,`preco`,`ncm`) VALUES ('14109','17722480000105','SANTA PASSION LINGERIE','SUTIA COPA C PLUS REFORÇADO MICROFIBRA 0060564',69,NULL);
INSERT OR IGNORE INTO produto (`cod_barra`,`fornecedor`,`marca`,`descricao`,`preco`,`ncm`) VALUES ('14110','17722480000105','SANTA PASSION LINGERIE','SUTIA PLUS RENDA ORQUIDEA COSTAS 0061611',68,NULL);
INSERT OR IGNORE INTO produto (`cod_barra`,`fornecedor`,`marca`,`descricao`,`preco`,`ncm`) VALUES ('14111','17722480000105','SANTA PASSION LINGERIE','SUTIA MICRO C/BASE PLS SIZE EXTRA 5460570',1,NULL);
INSERT OR IGNORE INTO produto (`cod_barra`,`fornecedor`,`marca`,`descricao`,`preco`,`ncm`) VALUES ('14112','17722480000105','SANTA PASSION LINGERIE','SUTIA SUST TQC PLUS SIZE 0072206',90,NULL);
INSERT OR IGNORE INTO produto (`cod_barra`,`fornecedor`,`marca`,`descricao`,`preco`,`ncm`) VALUES ('14113','03336014000179','PATY','SUTIA PLUS SIZE 931106',68,NULL);
INSERT OR IGNORE INTO produto (`cod_barra`,`fornecedor`,`marca`,`descricao`,`preco`,`ncm`) VALUES ('14114',NULL,NULL,'BABYDOLL LIGANETE COM RENDA 2103',68,NULL);
INSERT OR IGNORE INTO produto (`cod_barra`,`fornecedor`,`marca`,`descricao`,`preco`,`ncm`) VALUES ('14115',NULL,NULL,'CAMISOLA LIGANETE 1003',68,NULL);
INSERT OR IGNORE INTO produto (`cod_barra`,`fornecedor`,`marca`,`descricao`,`preco`,`ncm`) VALUES ('14116',NULL,NULL,'CAMISOLA LIGANETE 1004',68,NULL);
INSERT OR IGNORE INTO produto (`cod_barra`,`fornecedor`,`marca`,`descricao`,`preco`,`ncm`) VALUES ('14117',NULL,NULL,'CAMISOLA LIGANETE 1002',48,NULL);
INSERT OR IGNORE INTO produto (`cod_barra`,`fornecedor`,`marca`,`descricao`,`preco`,`ncm`) VALUES ('14118',NULL,NULL,'CONJUNTOS VARIADOS 2280020',39,NULL);
INSERT OR IGNORE INTO produto (`cod_barra`,`fornecedor`,`marca`,`descricao`,`preco`,`ncm`) VALUES ('14119',NULL,NULL,'CALÇA PALA 1210028',12,NULL);
INSERT OR IGNORE INTO produto (`cod_barra`,`fornecedor`,`marca`,`descricao`,`preco`,`ncm`) VALUES ('14120','12267867000197','TODA DELICADA','MACAQUINHO TODA DELICADA',60,NULL);
INSERT OR IGNORE INTO produto (`cod_barra`,`fornecedor`,`marca`,`descricao`,`preco`,`ncm`) VALUES ('14121',NULL,NULL,'TANGA COTTON BASIQUINHA 100042',8,NULL);
INSERT OR IGNORE INTO produto (`cod_barra`,`fornecedor`,`marca`,`descricao`,`preco`,`ncm`) VALUES ('14122',NULL,NULL,'CONJUNTOS VARIADOS 2280017',39,NULL);
INSERT OR IGNORE INTO produto (`cod_barra`,`fornecedor`,`marca`,`descricao`,`preco`,`ncm`) VALUES ('14123',NULL,NULL,'CALÇA RENDA MICROFIBRA 11111111',12,NULL);
INSERT OR IGNORE INTO produto (`cod_barra`,`fornecedor`,`marca`,`descricao`,`preco`,`ncm`) VALUES ('14124','07899288000127','SONHO.COM','BABYDOLL POLIA REG F CAT DONUTS 5204',69,NULL);
INSERT OR IGNORE INTO produto (`cod_barra`,`fornecedor`,`marca`,`descricao`,`preco`,`ncm`) VALUES ('14125','07899288000127','SONHO.COM','BABYDOLL POLI REG URSO NUVEM 5200',69,NULL);
INSERT OR IGNORE INTO produto (`cod_barra`,`fornecedor`,`marca`,`descricao`,`preco`,`ncm`) VALUES ('14126','07899288000127','SONHO.COM','CAMISOLA POLIAM REG URSO NUVEM 5400',68,NULL);
INSERT OR IGNORE INTO produto (`cod_barra`,`fornecedor`,`marca`,`descricao`,`preco`,`ncm`) VALUES ('14127','07899288000127','SONHO.COM','BABYDOLL POLI REG URSO NUVEM 5500',48,NULL);
INSERT OR IGNORE INTO produto (`cod_barra`,`fornecedor`,`marca`,`descricao`,`preco`,`ncm`) VALUES ('14128','07899288000127','SONHO.COM','CAMISOLA POLIAM ALCA URSO NUVEM 5401',58,NULL);
INSERT OR IGNORE INTO produto (`cod_barra`,`fornecedor`,`marca`,`descricao`,`preco`,`ncm`) VALUES ('14129','24839000000148','HARDNESS','CUECA BOX ADULTO HARDNESS',10,NULL);
INSERT OR IGNORE INTO produto (`cod_barra`,`fornecedor`,`marca`,`descricao`,`preco`,`ncm`) VALUES ('14130','19847184000158','BIA MAR','BIQUINI BIA MAR 3036',60,NULL);
INSERT OR IGNORE INTO produto (`cod_barra`,`fornecedor`,`marca`,`descricao`,`preco`,`ncm`) VALUES ('14131','15685482000138','DELÍRIO MODA ÍNTIMA','KALESSON AVULÇO DIVERSAS 0072',22,NULL);
INSERT OR IGNORE INTO produto (`cod_barra`,`fornecedor`,`marca`,`descricao`,`preco`,`ncm`) VALUES ('14132','09362333000135','DETALHES LINGERIE','CALÇA PALA RETA MÉDIA COMPRESSÃO 0320119',20,NULL);
INSERT OR IGNORE INTO produto (`cod_barra`,`fornecedor`,`marca`,`descricao`,`preco`,`ncm`) VALUES ('14133','09362333000135','DETALHES LINGERIE','CALCA MEDIA COMPRESSAO 0300285',25,NULL);
INSERT OR IGNORE INTO produto (`cod_barra`,`fornecedor`,`marca`,`descricao`,`preco`,`ncm`) VALUES ('14134','09362333000135','DETALHES LINGERIE','TOP MALU 0400243',18,NULL);
INSERT OR IGNORE INTO produto (`cod_barra`,`fornecedor`,`marca`,`descricao`,`preco`,`ncm`) VALUES ('14135','09362333000135','DETALHES LINGERIE','CALCA CROPPED MODELADORA DT00005',22,NULL);
INSERT OR IGNORE INTO produto (`cod_barra`,`fornecedor`,`marca`,`descricao`,`preco`,`ncm`) VALUES ('14136','09362333000135','DETALHES LINGERIE','FIO EMBUTIDO MICRO 0300104',7,NULL);
INSERT OR IGNORE INTO produto (`cod_barra`,`fornecedor`,`marca`,`descricao`,`preco`,`ncm`) VALUES ('14137','09362333000135','DETALHES LINGERIE','CALCA MODELADORA RENDA 0300340',18,NULL);
INSERT OR IGNORE INTO produto (`cod_barra`,`fornecedor`,`marca`,`descricao`,`preco`,`ncm`) VALUES ('14138','09362333000135','DETALHES LINGERIE','CALCA BARRIGA ZERO 0303391',15,NULL);
INSERT OR IGNORE INTO produto (`cod_barra`,`fornecedor`,`marca`,`descricao`,`preco`,`ncm`) VALUES ('14139','09362333000135','DETALHES LINGERIE','CALCA ZERO BARRIGA ANTIALERGICA 0300254',10,NULL);
INSERT OR IGNORE INTO produto (`cod_barra`,`fornecedor`,`marca`,`descricao`,`preco`,`ncm`) VALUES ('14140','09362333000135','DETALHES LINGERIE','CALCA FRUTILLI DT00024',12,NULL);
INSERT OR IGNORE INTO produto (`cod_barra`,`fornecedor`,`marca`,`descricao`,`preco`,`ncm`) VALUES ('14141','09362333000135','DETALHES LINGERIE','CALCA FIO SENSUAL 0300165',12,NULL);
INSERT OR IGNORE INTO produto (`cod_barra`,`fornecedor`,`marca`,`descricao`,`preco`,`ncm`) VALUES ('14142','09362333000135','DETALHES LINGERIE','CALCA PALA 40 0300163',15,NULL);
INSERT OR IGNORE INTO produto (`cod_barra`,`fornecedor`,`marca`,`descricao`,`preco`,`ncm`) VALUES ('14143','09362333000135','DETALHES LINGERIE','CALCA LAVANDA DT00003',10,NULL);
INSERT OR IGNORE INTO produto (`cod_barra`,`fornecedor`,`marca`,`descricao`,`preco`,`ncm`) VALUES ('14144','09362333000135','DETALHES LINGERIE','SUTIA CORES DIVERSAS DT00016',28,NULL);
INSERT OR IGNORE INTO produto (`cod_barra`,`fornecedor`,`marca`,`descricao`,`preco`,`ncm`) VALUES ('14145','09362333000135','DETALHES LINGERIE','SUTIA CORES DIVERSAS 0400230',28,NULL);
INSERT OR IGNORE INTO produto (`cod_barra`,`fornecedor`,`marca`,`descricao`,`preco`,`ncm`) VALUES ('14146','09362333000135','DETALHES LINGERIE','SUTIA REFORÇADO RENDA 0400091',28,NULL);
INSERT OR IGNORE INTO produto (`cod_barra`,`fornecedor`,`marca`,`descricao`,`preco`,`ncm`) VALUES ('14147','09362333000135','DETALHES LINGERIE','SUTIA PLUS 0400247',28,NULL);
INSERT OR IGNORE INTO produto (`cod_barra`,`fornecedor`,`marca`,`descricao`,`preco`,`ncm`) VALUES ('14148','09362333000135','DETALHES LINGERIE','SUTIA CORES DIVERSAS 0400171',28,NULL);
