--
-- File generated with SQLiteStudio v3.2.1 on sáb out 24 20:36:50 2020
--
-- Text encoding used: System
--
PRAGMA foreign_keys = off;
BEGIN TRANSACTION;

-- Table: tipo_grade
CREATE TABLE IF NOT EXISTS tipo_grade (id INTEGER PRIMARY KEY AUTOINCREMENT, nome TEXT NOT NULL UNIQUE);
INSERT INTO tipo_grade (id, nome) VALUES (1, 'TAMANHO');
INSERT INTO tipo_grade (id, nome) VALUES (2, 'COR');
INSERT INTO tipo_grade (id, nome) VALUES (3, 'TECIDO');
INSERT INTO tipo_grade (id, nome) VALUES (4, 'DIVERSOS');

-- Table: grade
CREATE TABLE IF NOT EXISTS grade (id INTEGER PRIMARY KEY AUTOINCREMENT, tipo INTEGER REFERENCES tipo_grade (id), nome TEXT NOT NULL UNIQUE);
INSERT INTO grade (id, tipo, nome) VALUES (1, 1, 'P');
INSERT INTO grade (id, tipo, nome) VALUES (2, 1, 'M');
INSERT INTO grade (id, tipo, nome) VALUES (3, 1, 'G');
INSERT INTO grade (id, tipo, nome) VALUES (4, 1, 'GG');
INSERT INTO grade (id, tipo, nome) VALUES (5, 1, 'XG');
INSERT INTO grade (id, tipo, nome) VALUES (6, 2, 'BRANCO');
INSERT INTO grade (id, tipo, nome) VALUES (7, 2, 'PRETO');
INSERT INTO grade (id, tipo, nome) VALUES (8, 2, 'SATIN');
INSERT INTO grade (id, tipo, nome) VALUES (9, 2, 'ROSA');
INSERT INTO grade (id, tipo, nome) VALUES (10, 2, 'AMARELO');
INSERT INTO grade (id, tipo, nome) VALUES (11, 2, 'VERMELHO');
INSERT INTO grade (id, tipo, nome) VALUES (12, 2, 'AZUL');
INSERT INTO grade (id, tipo, nome) VALUES (13, 3, 'LISO');
INSERT INTO grade (id, tipo, nome) VALUES (14, 3, 'ESTAMPADO');
INSERT INTO grade (id, tipo, nome) VALUES (15, 2, 'CASTANHO');
INSERT INTO grade (id, tipo, nome) VALUES (16, 2, 'CHOCOLATE');
INSERT INTO grade (id, tipo, nome) VALUES (17, 1, 'TAM 40');
INSERT INTO grade (id, tipo, nome) VALUES (18, 1, 'TAM 42');
INSERT INTO grade (id, tipo, nome) VALUES (19, 1, 'TAM 44');
INSERT INTO grade (id, tipo, nome) VALUES (20, 1, 'TAM 46');
INSERT INTO grade (id, tipo, nome) VALUES (21, 1, 'TAM 48');
INSERT INTO grade (id, tipo, nome) VALUES (22, 1, 'TAM 50');
INSERT INTO grade (id, tipo, nome) VALUES (23, 1, 'TAM 52');
INSERT INTO grade (id, tipo, nome) VALUES (24, 1, 'TAM 54');
INSERT INTO grade (id, tipo, nome) VALUES (25, 2, 'ROMANCE');
INSERT INTO grade (id, tipo, nome) VALUES (26, 2, 'DIVINO');
INSERT INTO grade (id, tipo, nome) VALUES (27, 4, 'DIVERSOS');
INSERT INTO grade (id, tipo, nome) VALUES (28, 2, 'VINHO');
INSERT INTO grade (id, tipo, nome) VALUES (29, 2, 'MARFIM');
INSERT INTO grade (id, tipo, nome) VALUES (30, 2, 'AZUL MARINHO');
INSERT INTO grade (id, tipo, nome) VALUES (31, 2, 'ALVORADA');
INSERT INTO grade (id, tipo, nome) VALUES (32, 2, 'SENSUALE');
INSERT INTO grade (id, tipo, nome) VALUES (33, 2, 'BROZER');

-- Table: produto_grade
CREATE TABLE IF NOT EXISTS produto_grade (cod_barra TEXT PRIMARY KEY, produto TEXT REFERENCES produto (cod_barra), preco DOUBLE NOT NULL);
INSERT INTO produto_grade (cod_barra, produto, preco) VALUES ('010002', '14014', 35.0);
INSERT INTO produto_grade (cod_barra, produto, preco) VALUES ('010003', '14014', 35.0);
INSERT INTO produto_grade (cod_barra, produto, preco) VALUES ('011202', '14027', 35.0);
INSERT INTO produto_grade (cod_barra, produto, preco) VALUES ('011203', '14027', 35.0);
INSERT INTO produto_grade (cod_barra, produto, preco) VALUES ('011271', '14019', 35.0);
INSERT INTO produto_grade (cod_barra, produto, preco) VALUES ('011273', '14019', 35.0);
INSERT INTO produto_grade (cod_barra, produto, preco) VALUES ('011282', '14041', 35.0);
INSERT INTO produto_grade (cod_barra, produto, preco) VALUES ('011283', '14041', 35.0);
INSERT INTO produto_grade (cod_barra, produto, preco) VALUES ('011322', '14039', 35.0);
INSERT INTO produto_grade (cod_barra, produto, preco) VALUES ('011323', '14039', 35.0);
INSERT INTO produto_grade (cod_barra, produto, preco) VALUES ('011362', '14038', 35.0);
INSERT INTO produto_grade (cod_barra, produto, preco) VALUES ('011363', '14038', 35.0);
INSERT INTO produto_grade (cod_barra, produto, preco) VALUES ('011372', '14026', 35.0);
INSERT INTO produto_grade (cod_barra, produto, preco) VALUES ('011373', '14026', 35.0);
INSERT INTO produto_grade (cod_barra, produto, preco) VALUES ('011422', '14037', 35.0);
INSERT INTO produto_grade (cod_barra, produto, preco) VALUES ('011423', '14037', 35.0);
INSERT INTO produto_grade (cod_barra, produto, preco) VALUES ('011453', '14025', 35.0);
INSERT INTO produto_grade (cod_barra, produto, preco) VALUES ('011552', '14030', 35.0);
INSERT INTO produto_grade (cod_barra, produto, preco) VALUES ('011553', '14030', 35.0);
INSERT INTO produto_grade (cod_barra, produto, preco) VALUES ('018452', '14032', 35.0);
INSERT INTO produto_grade (cod_barra, produto, preco) VALUES ('022251', '14020', 35.0);
INSERT INTO produto_grade (cod_barra, produto, preco) VALUES ('022253', '14020', 35.0);
INSERT INTO produto_grade (cod_barra, produto, preco) VALUES ('022312', '14043', 35.0);
INSERT INTO produto_grade (cod_barra, produto, preco) VALUES ('022611', '14021', 35.0);
INSERT INTO produto_grade (cod_barra, produto, preco) VALUES ('022612', '14021', 35.0);
INSERT INTO produto_grade (cod_barra, produto, preco) VALUES ('022613', '14021', 35.0);
INSERT INTO produto_grade (cod_barra, produto, preco) VALUES ('022622', '14033', 35.0);
INSERT INTO produto_grade (cod_barra, produto, preco) VALUES ('022623', '14033', 35.0);
INSERT INTO produto_grade (cod_barra, produto, preco) VALUES ('022633', '14044', 35.0);
INSERT INTO produto_grade (cod_barra, produto, preco) VALUES ('022712', '14016', 35.0);
INSERT INTO produto_grade (cod_barra, produto, preco) VALUES ('022713', '14016', 35.0);
INSERT INTO produto_grade (cod_barra, produto, preco) VALUES ('022811', '14017', 35.0);
INSERT INTO produto_grade (cod_barra, produto, preco) VALUES ('022812', '14017', 35.0);
INSERT INTO produto_grade (cod_barra, produto, preco) VALUES ('022813', '14017', 35.0);
INSERT INTO produto_grade (cod_barra, produto, preco) VALUES ('022861', '14031', 35.0);
INSERT INTO produto_grade (cod_barra, produto, preco) VALUES ('023012', '14024', 35.0);
INSERT INTO produto_grade (cod_barra, produto, preco) VALUES ('023013', '14024', 35.0);
INSERT INTO produto_grade (cod_barra, produto, preco) VALUES ('023122', '14040', 35.0);
INSERT INTO produto_grade (cod_barra, produto, preco) VALUES ('023123', '14040', 35.0);
INSERT INTO produto_grade (cod_barra, produto, preco) VALUES ('023282', '14034', 35.0);
INSERT INTO produto_grade (cod_barra, produto, preco) VALUES ('023283', '14034', 35.0);
INSERT INTO produto_grade (cod_barra, produto, preco) VALUES ('023422', '14035', 35.0);
INSERT INTO produto_grade (cod_barra, produto, preco) VALUES ('023423', '14035', 35.0);
INSERT INTO produto_grade (cod_barra, produto, preco) VALUES ('023461', '14018', 35.0);
INSERT INTO produto_grade (cod_barra, produto, preco) VALUES ('023462', '14018', 35.0);
INSERT INTO produto_grade (cod_barra, produto, preco) VALUES ('023463', '14018', 35.0);
INSERT INTO produto_grade (cod_barra, produto, preco) VALUES ('023532', '14023', 35.0);
INSERT INTO produto_grade (cod_barra, produto, preco) VALUES ('023533', '14023', 35.0);
INSERT INTO produto_grade (cod_barra, produto, preco) VALUES ('023562', '14028', 35.0);
INSERT INTO produto_grade (cod_barra, produto, preco) VALUES ('023563', '14028', 35.0);
INSERT INTO produto_grade (cod_barra, produto, preco) VALUES ('023712', '14022', 35.0);
INSERT INTO produto_grade (cod_barra, produto, preco) VALUES ('023713', '14022', 35.0);
INSERT INTO produto_grade (cod_barra, produto, preco) VALUES ('023962', '14029', 35.0);
INSERT INTO produto_grade (cod_barra, produto, preco) VALUES ('023963', '14029', 35.0);
INSERT INTO produto_grade (cod_barra, produto, preco) VALUES ('024112', '14036', 35.0);
INSERT INTO produto_grade (cod_barra, produto, preco) VALUES ('024113', '14036', 35.0);
INSERT INTO produto_grade (cod_barra, produto, preco) VALUES ('024142', '14015', 35.0);
INSERT INTO produto_grade (cod_barra, produto, preco) VALUES ('024143', '14015', 35.0);
INSERT INTO produto_grade (cod_barra, produto, preco) VALUES ('024213', '14045', 35.0);
INSERT INTO produto_grade (cod_barra, produto, preco) VALUES ('1210037720003', '12315', 8.0);
INSERT INTO produto_grade (cod_barra, produto, preco) VALUES ('2000732100137', '10099', 20.0);
INSERT INTO produto_grade (cod_barra, produto, preco) VALUES ('2000772100159', '12939', 10.0);
INSERT INTO produto_grade (cod_barra, produto, preco) VALUES ('2001332100138', '10099', 20.0);
INSERT INTO produto_grade (cod_barra, produto, preco) VALUES ('2001372100150', '12939', 10.0);
INSERT INTO produto_grade (cod_barra, produto, preco) VALUES ('2001532100136', '10099', 20.0);
INSERT INTO produto_grade (cod_barra, produto, preco) VALUES ('2001572100158', '12939', 10.0);
INSERT INTO produto_grade (cod_barra, produto, preco) VALUES ('2031172100159', '12939', 10.0);
INSERT INTO produto_grade (cod_barra, produto, preco) VALUES ('2031572100155', '12939', 10.0);
INSERT INTO produto_grade (cod_barra, produto, preco) VALUES ('2031632100132', '10099', 20.0);
INSERT INTO produto_grade (cod_barra, produto, preco) VALUES ('2032532100130', '10099', 20.0);
INSERT INTO produto_grade (cod_barra, produto, preco) VALUES ('2032572100152', '12939', 10.0);
INSERT INTO produto_grade (cod_barra, produto, preco) VALUES ('3000212100373', '12315', 8.0);
INSERT INTO produto_grade (cod_barra, produto, preco) VALUES ('3000732100136', '10099', 20.0);
INSERT INTO produto_grade (cod_barra, produto, preco) VALUES ('3000772100158', '12939', 10.0);
INSERT INTO produto_grade (cod_barra, produto, preco) VALUES ('3001332100137', '10099', 20.0);
INSERT INTO produto_grade (cod_barra, produto, preco) VALUES ('3001372100098', '13329', 29.0);
INSERT INTO produto_grade (cod_barra, produto, preco) VALUES ('3001372100159', '12939', 10.0);
INSERT INTO produto_grade (cod_barra, produto, preco) VALUES ('3001532100135', '10099', 20.0);
INSERT INTO produto_grade (cod_barra, produto, preco) VALUES ('3001572100096', '13329', 29.0);
INSERT INTO produto_grade (cod_barra, produto, preco) VALUES ('3001572100157', '12939', 10.0);
INSERT INTO produto_grade (cod_barra, produto, preco) VALUES ('3031132100136', '10099', 20.0);
INSERT INTO produto_grade (cod_barra, produto, preco) VALUES ('3031172100158', '12939', 10.0);
INSERT INTO produto_grade (cod_barra, produto, preco) VALUES ('3031572100154', '12939', 10.0);
INSERT INTO produto_grade (cod_barra, produto, preco) VALUES ('3032532100139', '10099', 20.0);
INSERT INTO produto_grade (cod_barra, produto, preco) VALUES ('3032572100151', '12939', 10.0);
INSERT INTO produto_grade (cod_barra, produto, preco) VALUES ('3210013900007', '10099', 20.0);
INSERT INTO produto_grade (cod_barra, produto, preco) VALUES ('4000212100372', '12315', 8.0);
INSERT INTO produto_grade (cod_barra, produto, preco) VALUES ('4000732100135', '10099', 20.0);
INSERT INTO produto_grade (cod_barra, produto, preco) VALUES ('4000772100157', '12939', 10.0);
INSERT INTO produto_grade (cod_barra, produto, preco) VALUES ('4001332100136', '10099', 20.0);
INSERT INTO produto_grade (cod_barra, produto, preco) VALUES ('4001372100097', '13329', 29.0);
INSERT INTO produto_grade (cod_barra, produto, preco) VALUES ('4001372100158', '12939', 10.0);
INSERT INTO produto_grade (cod_barra, produto, preco) VALUES ('4001532100134', '10099', 20.0);
INSERT INTO produto_grade (cod_barra, produto, preco) VALUES ('4001572100095', '13329', 29.0);
INSERT INTO produto_grade (cod_barra, produto, preco) VALUES ('4001572100156', '12939', 10.0);
INSERT INTO produto_grade (cod_barra, produto, preco) VALUES ('4031172100157', '12939', 10.0);
INSERT INTO produto_grade (cod_barra, produto, preco) VALUES ('4031572100153', '12939', 10.0);
INSERT INTO produto_grade (cod_barra, produto, preco) VALUES ('4032532100138', '10099', 20.0);
INSERT INTO produto_grade (cod_barra, produto, preco) VALUES ('4032572100150', '12939', 10.0);
INSERT INTO produto_grade (cod_barra, produto, preco) VALUES ('5000212100371', '12315', 8.0);
INSERT INTO produto_grade (cod_barra, produto, preco) VALUES ('5000732100134', '10099', 20.0);
INSERT INTO produto_grade (cod_barra, produto, preco) VALUES ('5000772100156', '12939', 10.0);
INSERT INTO produto_grade (cod_barra, produto, preco) VALUES ('5001332100135', '10099', 20.0);
INSERT INTO produto_grade (cod_barra, produto, preco) VALUES ('5001372100096', '13329', 29.0);
INSERT INTO produto_grade (cod_barra, produto, preco) VALUES ('5001372100157', '12939', 10.0);
INSERT INTO produto_grade (cod_barra, produto, preco) VALUES ('5001532100133', '10099', 20.0);
INSERT INTO produto_grade (cod_barra, produto, preco) VALUES ('5001572100094', '13329', 29.0);
INSERT INTO produto_grade (cod_barra, produto, preco) VALUES ('5001572100155', '12939', 10.0);
INSERT INTO produto_grade (cod_barra, produto, preco) VALUES ('5031172100156', '12939', 10.0);
INSERT INTO produto_grade (cod_barra, produto, preco) VALUES ('5031572100152', '12939', 10.0);
INSERT INTO produto_grade (cod_barra, produto, preco) VALUES ('5031632100139', '10099', 20.0);
INSERT INTO produto_grade (cod_barra, produto, preco) VALUES ('5032532100137', '10099', 20.0);
INSERT INTO produto_grade (cod_barra, produto, preco) VALUES ('5032572100159', '12939', 10.0);
INSERT INTO produto_grade (cod_barra, produto, preco) VALUES ('7210015550008', '12939', 10.0);
INSERT INTO produto_grade (cod_barra, produto, preco) VALUES ('7210015820002', '12939', 10.0);
INSERT INTO produto_grade (cod_barra, produto, preco) VALUES ('7810000058412', '14001', 29.0);
INSERT INTO produto_grade (cod_barra, produto, preco) VALUES ('7810000058429', '14001', 29.0);
INSERT INTO produto_grade (cod_barra, produto, preco) VALUES ('7810000058436', '14001', 29.0);
INSERT INTO produto_grade (cod_barra, produto, preco) VALUES ('7810000060170', '14001', 29.0);
INSERT INTO produto_grade (cod_barra, produto, preco) VALUES ('7810000060187', '14001', 29.0);
INSERT INTO produto_grade (cod_barra, produto, preco) VALUES ('7810000060194', '14001', 29.0);
INSERT INTO produto_grade (cod_barra, produto, preco) VALUES ('7810000063799', '14001', 29.0);
INSERT INTO produto_grade (cod_barra, produto, preco) VALUES ('7810000088419', '14000', 88.0);
INSERT INTO produto_grade (cod_barra, produto, preco) VALUES ('7810000088426', '14000', 88.0);
INSERT INTO produto_grade (cod_barra, produto, preco) VALUES ('7810000088433', '14000', 88.0);
INSERT INTO produto_grade (cod_barra, produto, preco) VALUES ('7810000088457', '14000', 88.0);
INSERT INTO produto_grade (cod_barra, produto, preco) VALUES ('7810000088464', '14000', 88.0);
INSERT INTO produto_grade (cod_barra, produto, preco) VALUES ('7810000088471', '14000', 88.0);
INSERT INTO produto_grade (cod_barra, produto, preco) VALUES ('7810000088532', '14000', 88.0);
INSERT INTO produto_grade (cod_barra, produto, preco) VALUES ('7810000088549', '14000', 88.0);
INSERT INTO produto_grade (cod_barra, produto, preco) VALUES ('7810000088556', '14000', 88.0);
INSERT INTO produto_grade (cod_barra, produto, preco) VALUES ('7810000091013', '14003', 85.0);
INSERT INTO produto_grade (cod_barra, produto, preco) VALUES ('7810000091020', '14003', 85.0);
INSERT INTO produto_grade (cod_barra, produto, preco) VALUES ('7810000091037', '14003', 85.0);
INSERT INTO produto_grade (cod_barra, produto, preco) VALUES ('7810000091051', '14003', 85.0);
INSERT INTO produto_grade (cod_barra, produto, preco) VALUES ('7810000091068', '14003', 85.0);
INSERT INTO produto_grade (cod_barra, produto, preco) VALUES ('7810000091075', '14003', 85.0);
INSERT INTO produto_grade (cod_barra, produto, preco) VALUES ('7810000091136', '14003', 85.0);
INSERT INTO produto_grade (cod_barra, produto, preco) VALUES ('7810000091143', '14003', 85.0);
INSERT INTO produto_grade (cod_barra, produto, preco) VALUES ('7810000091150', '14003', 85.0);
INSERT INTO produto_grade (cod_barra, produto, preco) VALUES ('7810000140704', '14004', 55.0);
INSERT INTO produto_grade (cod_barra, produto, preco) VALUES ('7810000140711', '14004', 55.0);
INSERT INTO produto_grade (cod_barra, produto, preco) VALUES ('7810000140728', '14004', 55.0);
INSERT INTO produto_grade (cod_barra, produto, preco) VALUES ('7810000140742', '14004', 55.0);
INSERT INTO produto_grade (cod_barra, produto, preco) VALUES ('7810000140759', '14004', 55.0);
INSERT INTO produto_grade (cod_barra, produto, preco) VALUES ('7810000140766', '14004', 55.0);
INSERT INTO produto_grade (cod_barra, produto, preco) VALUES ('7810000155456', '14002', 63.0);
INSERT INTO produto_grade (cod_barra, produto, preco) VALUES ('7810000155463', '14002', 63.0);
INSERT INTO produto_grade (cod_barra, produto, preco) VALUES ('7810000155470', '14002', 63.0);
INSERT INTO produto_grade (cod_barra, produto, preco) VALUES ('7810000155487', '14002', 63.0);
INSERT INTO produto_grade (cod_barra, produto, preco) VALUES ('7810000155494', '14002', 63.0);
INSERT INTO produto_grade (cod_barra, produto, preco) VALUES ('7810000155500', '14002', 63.0);
INSERT INTO produto_grade (cod_barra, produto, preco) VALUES ('7810000155517', '14002', 63.0);
INSERT INTO produto_grade (cod_barra, produto, preco) VALUES ('7810000155524', '14002', 63.0);
INSERT INTO produto_grade (cod_barra, produto, preco) VALUES ('7810000155531', '14002', 63.0);
INSERT INTO produto_grade (cod_barra, produto, preco) VALUES ('7810000155548', '14002', 63.0);
INSERT INTO produto_grade (cod_barra, produto, preco) VALUES ('7810000155555', '14002', 63.0);
INSERT INTO produto_grade (cod_barra, produto, preco) VALUES ('7810000155562', '14002', 63.0);
INSERT INTO produto_grade (cod_barra, produto, preco) VALUES ('7810000182216', '14006', 78.0);
INSERT INTO produto_grade (cod_barra, produto, preco) VALUES ('7810000182223', '14006', 78.0);
INSERT INTO produto_grade (cod_barra, produto, preco) VALUES ('7810000182230', '14006', 78.0);
INSERT INTO produto_grade (cod_barra, produto, preco) VALUES ('7810000182254', '14006', 78.0);
INSERT INTO produto_grade (cod_barra, produto, preco) VALUES ('7810000182261', '14006', 78.0);
INSERT INTO produto_grade (cod_barra, produto, preco) VALUES ('7810000182278', '14006', 78.0);
INSERT INTO produto_grade (cod_barra, produto, preco) VALUES ('7810000182292', '14006', 78.0);
INSERT INTO produto_grade (cod_barra, produto, preco) VALUES ('7810000182308', '14006', 78.0);
INSERT INTO produto_grade (cod_barra, produto, preco) VALUES ('7810000182315', '14006', 78.0);
INSERT INTO produto_grade (cod_barra, produto, preco) VALUES ('7810000183008', '14011', 48.0);
INSERT INTO produto_grade (cod_barra, produto, preco) VALUES ('7810000183015', '14011', 48.0);
INSERT INTO produto_grade (cod_barra, produto, preco) VALUES ('7810000183022', '14011', 48.0);
INSERT INTO produto_grade (cod_barra, produto, preco) VALUES ('7810000183039', '14011', 48.0);
INSERT INTO produto_grade (cod_barra, produto, preco) VALUES ('7810000183046', '14011', 48.0);
INSERT INTO produto_grade (cod_barra, produto, preco) VALUES ('7810000183053', '14011', 48.0);
INSERT INTO produto_grade (cod_barra, produto, preco) VALUES ('7810000183060', '14011', 48.0);
INSERT INTO produto_grade (cod_barra, produto, preco) VALUES ('7810000183077', '14011', 48.0);
INSERT INTO produto_grade (cod_barra, produto, preco) VALUES ('7810000183084', '14011', 48.0);
INSERT INTO produto_grade (cod_barra, produto, preco) VALUES ('7810000183091', '14011', 48.0);
INSERT INTO produto_grade (cod_barra, produto, preco) VALUES ('7810000183107', '14011', 48.0);
INSERT INTO produto_grade (cod_barra, produto, preco) VALUES ('7810000183114', '14011', 48.0);
INSERT INTO produto_grade (cod_barra, produto, preco) VALUES ('7810000208954', '14012', 65.0);
INSERT INTO produto_grade (cod_barra, produto, preco) VALUES ('7810000208961', '14012', 65.0);
INSERT INTO produto_grade (cod_barra, produto, preco) VALUES ('7810000208978', '14012', 65.0);
INSERT INTO produto_grade (cod_barra, produto, preco) VALUES ('7810000208985', '14012', 65.0);
INSERT INTO produto_grade (cod_barra, produto, preco) VALUES ('7810000208992', '14012', 65.0);
INSERT INTO produto_grade (cod_barra, produto, preco) VALUES ('7810000209005', '14012', 65.0);
INSERT INTO produto_grade (cod_barra, produto, preco) VALUES ('7810000209012', '14012', 65.0);
INSERT INTO produto_grade (cod_barra, produto, preco) VALUES ('7810000209029', '14012', 65.0);
INSERT INTO produto_grade (cod_barra, produto, preco) VALUES ('7810000209135', '14012', 65.0);
INSERT INTO produto_grade (cod_barra, produto, preco) VALUES ('7810000209142', '14012', 65.0);
INSERT INTO produto_grade (cod_barra, produto, preco) VALUES ('7810000210285', '14010', 48.0);
INSERT INTO produto_grade (cod_barra, produto, preco) VALUES ('7810000210292', '14010', 48.0);
INSERT INTO produto_grade (cod_barra, produto, preco) VALUES ('7810000210308', '14010', 48.0);
INSERT INTO produto_grade (cod_barra, produto, preco) VALUES ('7810000210315', '14010', 48.0);
INSERT INTO produto_grade (cod_barra, produto, preco) VALUES ('7810000210339', '14010', 48.0);
INSERT INTO produto_grade (cod_barra, produto, preco) VALUES ('7810000210346', '14010', 48.0);
INSERT INTO produto_grade (cod_barra, produto, preco) VALUES ('7810000210353', '14010', 48.0);
INSERT INTO produto_grade (cod_barra, produto, preco) VALUES ('7810000210360', '14010', 48.0);
INSERT INTO produto_grade (cod_barra, produto, preco) VALUES ('7810000210384', '14010', 48.0);
INSERT INTO produto_grade (cod_barra, produto, preco) VALUES ('7810000210391', '14010', 48.0);
INSERT INTO produto_grade (cod_barra, produto, preco) VALUES ('7810000210407', '14010', 48.0);
INSERT INTO produto_grade (cod_barra, produto, preco) VALUES ('7810000210414', '14010', 48.0);
INSERT INTO produto_grade (cod_barra, produto, preco) VALUES ('7810000220161', '14010', 48.0);
INSERT INTO produto_grade (cod_barra, produto, preco) VALUES ('7810000220178', '14010', 48.0);
INSERT INTO produto_grade (cod_barra, produto, preco) VALUES ('7810000220185', '14010', 48.0);
INSERT INTO produto_grade (cod_barra, produto, preco) VALUES ('7810000220192', '14010', 48.0);
INSERT INTO produto_grade (cod_barra, produto, preco) VALUES ('7810000221878', '14001', 29.0);
INSERT INTO produto_grade (cod_barra, produto, preco) VALUES ('7810000228693', '14011', 48.0);
INSERT INTO produto_grade (cod_barra, produto, preco) VALUES ('7810000228709', '14011', 48.0);
INSERT INTO produto_grade (cod_barra, produto, preco) VALUES ('7810000228716', '14011', 48.0);
INSERT INTO produto_grade (cod_barra, produto, preco) VALUES ('7810000228723', '14011', 48.0);
INSERT INTO produto_grade (cod_barra, produto, preco) VALUES ('7810000231228', '14013', 25.0);
INSERT INTO produto_grade (cod_barra, produto, preco) VALUES ('7810000231235', '14013', 25.0);
INSERT INTO produto_grade (cod_barra, produto, preco) VALUES ('7810000231242', '14013', 25.0);
INSERT INTO produto_grade (cod_barra, produto, preco) VALUES ('7810000236995', '14009', 88.0);
INSERT INTO produto_grade (cod_barra, produto, preco) VALUES ('7810000237008', '14009', 88.0);
INSERT INTO produto_grade (cod_barra, produto, preco) VALUES ('7810000237015', '14009', 88.0);
INSERT INTO produto_grade (cod_barra, produto, preco) VALUES ('7810000237039', '14009', 88.0);
INSERT INTO produto_grade (cod_barra, produto, preco) VALUES ('7810000237046', '14009', 88.0);
INSERT INTO produto_grade (cod_barra, produto, preco) VALUES ('7810000237053', '14009', 88.0);
INSERT INTO produto_grade (cod_barra, produto, preco) VALUES ('7810000237077', '14009', 88.0);
INSERT INTO produto_grade (cod_barra, produto, preco) VALUES ('7810000237084', '14009', 88.0);
INSERT INTO produto_grade (cod_barra, produto, preco) VALUES ('7810000237091', '14009', 88.0);
INSERT INTO produto_grade (cod_barra, produto, preco) VALUES ('7810000237824', '14007', 65.0);
INSERT INTO produto_grade (cod_barra, produto, preco) VALUES ('7810000237831', '14007', 65.0);
INSERT INTO produto_grade (cod_barra, produto, preco) VALUES ('7810000237848', '14007', 65.0);
INSERT INTO produto_grade (cod_barra, produto, preco) VALUES ('7810000237855', '14007', 65.0);
INSERT INTO produto_grade (cod_barra, produto, preco) VALUES ('7810000237862', '14007', 65.0);
INSERT INTO produto_grade (cod_barra, produto, preco) VALUES ('7810000237879', '14007', 65.0);
INSERT INTO produto_grade (cod_barra, produto, preco) VALUES ('7810000237886', '14007', 65.0);
INSERT INTO produto_grade (cod_barra, produto, preco) VALUES ('7810000237893', '14007', 65.0);
INSERT INTO produto_grade (cod_barra, produto, preco) VALUES ('7810000251158', '14002', 63.0);
INSERT INTO produto_grade (cod_barra, produto, preco) VALUES ('7810000251165', '14002', 63.0);
INSERT INTO produto_grade (cod_barra, produto, preco) VALUES ('7810000251172', '14002', 63.0);
INSERT INTO produto_grade (cod_barra, produto, preco) VALUES ('7810000251189', '14002', 63.0);
INSERT INTO produto_grade (cod_barra, produto, preco) VALUES ('7810000269474', '14010', 48.0);
INSERT INTO produto_grade (cod_barra, produto, preco) VALUES ('7810000269481', '14010', 48.0);
INSERT INTO produto_grade (cod_barra, produto, preco) VALUES ('7810000269498', '14010', 48.0);
INSERT INTO produto_grade (cod_barra, produto, preco) VALUES ('7810000271835', '14005', 75.0);
INSERT INTO produto_grade (cod_barra, produto, preco) VALUES ('7810000271842', '14005', 75.0);
INSERT INTO produto_grade (cod_barra, produto, preco) VALUES ('7810000271859', '14005', 75.0);
INSERT INTO produto_grade (cod_barra, produto, preco) VALUES ('7810000271873', '14005', 75.0);
INSERT INTO produto_grade (cod_barra, produto, preco) VALUES ('7810000271880', '14005', 75.0);
INSERT INTO produto_grade (cod_barra, produto, preco) VALUES ('7810000271897', '14005', 75.0);
INSERT INTO produto_grade (cod_barra, produto, preco) VALUES ('7810000271910', '14005', 75.0);
INSERT INTO produto_grade (cod_barra, produto, preco) VALUES ('7810000271927', '14005', 75.0);
INSERT INTO produto_grade (cod_barra, produto, preco) VALUES ('7810000276397', '14008', 88.0);
INSERT INTO produto_grade (cod_barra, produto, preco) VALUES ('7810000276403', '14008', 88.0);
INSERT INTO produto_grade (cod_barra, produto, preco) VALUES ('7810000276410', '14008', 88.0);
INSERT INTO produto_grade (cod_barra, produto, preco) VALUES ('7810000276434', '14008', 88.0);
INSERT INTO produto_grade (cod_barra, produto, preco) VALUES ('7810000276441', '14008', 88.0);
INSERT INTO produto_grade (cod_barra, produto, preco) VALUES ('7810000276458', '14008', 88.0);
INSERT INTO produto_grade (cod_barra, produto, preco) VALUES ('7810000276472', '14008', 88.0);
INSERT INTO produto_grade (cod_barra, produto, preco) VALUES ('7810000276489', '14008', 88.0);
INSERT INTO produto_grade (cod_barra, produto, preco) VALUES ('7810000276496', '14008', 88.0);
INSERT INTO produto_grade (cod_barra, produto, preco) VALUES ('7810000297972', '14010', 48.0);
INSERT INTO produto_grade (cod_barra, produto, preco) VALUES ('7810000297989', '14010', 48.0);
INSERT INTO produto_grade (cod_barra, produto, preco) VALUES ('7810000297996', '14010', 48.0);
INSERT INTO produto_grade (cod_barra, produto, preco) VALUES ('7890016002838', '12593', 68.0);
INSERT INTO produto_grade (cod_barra, produto, preco) VALUES ('7890016002845', '12593', 68.0);
INSERT INTO produto_grade (cod_barra, produto, preco) VALUES ('7890016002852', '12593', 68.0);
INSERT INTO produto_grade (cod_barra, produto, preco) VALUES ('7890016012981', '12593', 68.0);
INSERT INTO produto_grade (cod_barra, produto, preco) VALUES ('7890016012998', '12593', 68.0);
INSERT INTO produto_grade (cod_barra, produto, preco) VALUES ('7890016013001', '12593', 68.0);
INSERT INTO produto_grade (cod_barra, produto, preco) VALUES ('7890016043169', '12267', 25.0);
INSERT INTO produto_grade (cod_barra, produto, preco) VALUES ('7890016043176', '12267', 25.0);
INSERT INTO produto_grade (cod_barra, produto, preco) VALUES ('7890016043183', '12267', 25.0);
INSERT INTO produto_grade (cod_barra, produto, preco) VALUES ('7890016043213', '12267', 25.0);
INSERT INTO produto_grade (cod_barra, produto, preco) VALUES ('7890016043220', '12267', 25.0);
INSERT INTO produto_grade (cod_barra, produto, preco) VALUES ('7890016043237', '12197', 38.0);
INSERT INTO produto_grade (cod_barra, produto, preco) VALUES ('7890016043244', '12197', 38.0);
INSERT INTO produto_grade (cod_barra, produto, preco) VALUES ('7890016043251', '12197', 38.0);
INSERT INTO produto_grade (cod_barra, produto, preco) VALUES ('7890016043268', '12197', 38.0);
INSERT INTO produto_grade (cod_barra, produto, preco) VALUES ('7890016043275', '12197', 38.0);
INSERT INTO produto_grade (cod_barra, produto, preco) VALUES ('7890016043282', '12197', 38.0);
INSERT INTO produto_grade (cod_barra, produto, preco) VALUES ('7890016043299', '12197', 38.0);
INSERT INTO produto_grade (cod_barra, produto, preco) VALUES ('7890016082663', '13508', 45.0);
INSERT INTO produto_grade (cod_barra, produto, preco) VALUES ('7890016082670', '13508', 45.0);
INSERT INTO produto_grade (cod_barra, produto, preco) VALUES ('7890016082748', '1505', 45.0);
INSERT INTO produto_grade (cod_barra, produto, preco) VALUES ('7890016082786', '1505', 45.0);
INSERT INTO produto_grade (cod_barra, produto, preco) VALUES ('7890016082793', '1505', 45.0);
INSERT INTO produto_grade (cod_barra, produto, preco) VALUES ('7890016082809', '1506', 28.0);
INSERT INTO produto_grade (cod_barra, produto, preco) VALUES ('7890016082816', '1505', 45.0);
INSERT INTO produto_grade (cod_barra, produto, preco) VALUES ('7890016098299', '12268', 78.0);
INSERT INTO produto_grade (cod_barra, produto, preco) VALUES ('7890016098336', '12504', 78.0);
INSERT INTO produto_grade (cod_barra, produto, preco) VALUES ('7890016098343', '12504', 78.0);
INSERT INTO produto_grade (cod_barra, produto, preco) VALUES ('7890016098350', '12504', 78.0);
INSERT INTO produto_grade (cod_barra, produto, preco) VALUES ('7890016099647', '12268', 78.0);
INSERT INTO produto_grade (cod_barra, produto, preco) VALUES ('7890016099654', '12268', 78.0);
INSERT INTO produto_grade (cod_barra, produto, preco) VALUES ('7890016099708', '12504', 78.0);
INSERT INTO produto_grade (cod_barra, produto, preco) VALUES ('7890016119673', '1505', 45.0);
INSERT INTO produto_grade (cod_barra, produto, preco) VALUES ('7890016119680', '1505', 45.0);
INSERT INTO produto_grade (cod_barra, produto, preco) VALUES ('7890016119697', '1505', 45.0);
INSERT INTO produto_grade (cod_barra, produto, preco) VALUES ('7890016119703', '1505', 45.0);
INSERT INTO produto_grade (cod_barra, produto, preco) VALUES ('7890016136274', '12068', 78.0);
INSERT INTO produto_grade (cod_barra, produto, preco) VALUES ('7890016136298', '12068', 78.0);
INSERT INTO produto_grade (cod_barra, produto, preco) VALUES ('7890016146044', '14047', 48.0);
INSERT INTO produto_grade (cod_barra, produto, preco) VALUES ('7890016150096', '12504', 78.0);
INSERT INTO produto_grade (cod_barra, produto, preco) VALUES ('7890016150119', '12504', 78.0);
INSERT INTO produto_grade (cod_barra, produto, preco) VALUES ('7890016150133', '12268', 78.0);
INSERT INTO produto_grade (cod_barra, produto, preco) VALUES ('7890016150140', '12268', 78.0);
INSERT INTO produto_grade (cod_barra, produto, preco) VALUES ('7890016152021', '1506', 28.0);
INSERT INTO produto_grade (cod_barra, produto, preco) VALUES ('7890016152038', '1506', 28.0);
INSERT INTO produto_grade (cod_barra, produto, preco) VALUES ('7890016152045', '1506', 28.0);
INSERT INTO produto_grade (cod_barra, produto, preco) VALUES ('7890016176935', '1506', 28.0);
INSERT INTO produto_grade (cod_barra, produto, preco) VALUES ('7890016176942', '1506', 28.0);
INSERT INTO produto_grade (cod_barra, produto, preco) VALUES ('7890016179486', '12593', 68.0);
INSERT INTO produto_grade (cod_barra, produto, preco) VALUES ('7890016179493', '12593', 68.0);
INSERT INTO produto_grade (cod_barra, produto, preco) VALUES ('7890016201149', '12505', 75.0);
INSERT INTO produto_grade (cod_barra, produto, preco) VALUES ('7890016201156', '12505', 75.0);
INSERT INTO produto_grade (cod_barra, produto, preco) VALUES ('7890016201163', '12505', 75.0);
INSERT INTO produto_grade (cod_barra, produto, preco) VALUES ('7890016201224', '12505', 75.0);
INSERT INTO produto_grade (cod_barra, produto, preco) VALUES ('7890016201231', '12505', 75.0);
INSERT INTO produto_grade (cod_barra, produto, preco) VALUES ('7890016201248', '12505', 75.0);
INSERT INTO produto_grade (cod_barra, produto, preco) VALUES ('7890016209541', '12505', 75.0);
INSERT INTO produto_grade (cod_barra, produto, preco) VALUES ('7890016231122', '8231', 29.0);
INSERT INTO produto_grade (cod_barra, produto, preco) VALUES ('7890016231658', '8231', 29.0);
INSERT INTO produto_grade (cod_barra, produto, preco) VALUES ('7890016231665', '8231', 29.0);
INSERT INTO produto_grade (cod_barra, produto, preco) VALUES ('7890016231672', '8231', 29.0);
INSERT INTO produto_grade (cod_barra, produto, preco) VALUES ('7890016235991', '12594', 55.0);
INSERT INTO produto_grade (cod_barra, produto, preco) VALUES ('7890016236004', '12594', 55.0);
INSERT INTO produto_grade (cod_barra, produto, preco) VALUES ('7890016236035', '12594', 55.0);
INSERT INTO produto_grade (cod_barra, produto, preco) VALUES ('7890016236042', '12594', 55.0);
INSERT INTO produto_grade (cod_barra, produto, preco) VALUES ('7890016236073', '12594', 55.0);
INSERT INTO produto_grade (cod_barra, produto, preco) VALUES ('7890016236080', '12594', 55.0);
INSERT INTO produto_grade (cod_barra, produto, preco) VALUES ('7890016236110', '12594', 55.0);
INSERT INTO produto_grade (cod_barra, produto, preco) VALUES ('7890016236127', '12594', 55.0);
INSERT INTO produto_grade (cod_barra, produto, preco) VALUES ('7890016250284', '12265', 29.0);
INSERT INTO produto_grade (cod_barra, produto, preco) VALUES ('7890016250291', '12265', 29.0);
INSERT INTO produto_grade (cod_barra, produto, preco) VALUES ('7890016250307', '12265', 29.0);
INSERT INTO produto_grade (cod_barra, produto, preco) VALUES ('7890016250833', '13494', 45.0);
INSERT INTO produto_grade (cod_barra, produto, preco) VALUES ('7890016250840', '13494', 45.0);
INSERT INTO produto_grade (cod_barra, produto, preco) VALUES ('7890016250918', '13494', 45.0);
INSERT INTO produto_grade (cod_barra, produto, preco) VALUES ('7890016250925', '13494', 45.0);
INSERT INTO produto_grade (cod_barra, produto, preco) VALUES ('7890016250956', '13494', 45.0);
INSERT INTO produto_grade (cod_barra, produto, preco) VALUES ('7890016250963', '13494', 45.0);
INSERT INTO produto_grade (cod_barra, produto, preco) VALUES ('7890016254138', '13498', 38.0);
INSERT INTO produto_grade (cod_barra, produto, preco) VALUES ('7890016254145', '13498', 38.0);
INSERT INTO produto_grade (cod_barra, produto, preco) VALUES ('7890016254152', '13498', 38.0);
INSERT INTO produto_grade (cod_barra, produto, preco) VALUES ('7890016254206', '13498', 38.0);
INSERT INTO produto_grade (cod_barra, produto, preco) VALUES ('7890016254435', '12594', 55.0);
INSERT INTO produto_grade (cod_barra, produto, preco) VALUES ('7890016254442', '12594', 55.0);
INSERT INTO produto_grade (cod_barra, produto, preco) VALUES ('7890016255906', '1505', 45.0);
INSERT INTO produto_grade (cod_barra, produto, preco) VALUES ('7890016255913', '1505', 45.0);
INSERT INTO produto_grade (cod_barra, produto, preco) VALUES ('7890016255920', '1505', 45.0);
INSERT INTO produto_grade (cod_barra, produto, preco) VALUES ('7890016255937', '1505', 45.0);
INSERT INTO produto_grade (cod_barra, produto, preco) VALUES ('7890016256040', '12068', 78.0);
INSERT INTO produto_grade (cod_barra, produto, preco) VALUES ('7890016256064', '12068', 78.0);
INSERT INTO produto_grade (cod_barra, produto, preco) VALUES ('7890016256460', '12265', 29.0);
INSERT INTO produto_grade (cod_barra, produto, preco) VALUES ('7890016256477', '12265', 29.0);
INSERT INTO produto_grade (cod_barra, produto, preco) VALUES ('7890016256484', '12265', 29.0);
INSERT INTO produto_grade (cod_barra, produto, preco) VALUES ('7890016256675', '8231', 29.0);
INSERT INTO produto_grade (cod_barra, produto, preco) VALUES ('7890016256682', '8231', 29.0);
INSERT INTO produto_grade (cod_barra, produto, preco) VALUES ('7890016257986', '12268', 78.0);
INSERT INTO produto_grade (cod_barra, produto, preco) VALUES ('7890016257993', '12268', 78.0);
INSERT INTO produto_grade (cod_barra, produto, preco) VALUES ('7890016258006', '12268', 78.0);
INSERT INTO produto_grade (cod_barra, produto, preco) VALUES ('7890016258136', '13498', 38.0);
INSERT INTO produto_grade (cod_barra, produto, preco) VALUES ('7890016258143', '13498', 38.0);
INSERT INTO produto_grade (cod_barra, produto, preco) VALUES ('7890016258150', '13498', 38.0);
INSERT INTO produto_grade (cod_barra, produto, preco) VALUES ('7890016258167', '13498', 38.0);
INSERT INTO produto_grade (cod_barra, produto, preco) VALUES ('7890016258174', '13498', 38.0);
INSERT INTO produto_grade (cod_barra, produto, preco) VALUES ('7890016258181', '13498', 38.0);
INSERT INTO produto_grade (cod_barra, produto, preco) VALUES ('7890016258198', '13498', 38.0);
INSERT INTO produto_grade (cod_barra, produto, preco) VALUES ('7890016261891', '1506', 28.0);
INSERT INTO produto_grade (cod_barra, produto, preco) VALUES ('7890016261907', '1506', 28.0);
INSERT INTO produto_grade (cod_barra, produto, preco) VALUES ('7890016261914', '1506', 28.0);
INSERT INTO produto_grade (cod_barra, produto, preco) VALUES ('7890016265509', '12067', 68.0);
INSERT INTO produto_grade (cod_barra, produto, preco) VALUES ('7890016274792', '12769', 49.0);
INSERT INTO produto_grade (cod_barra, produto, preco) VALUES ('7890016274808', '12769', 49.0);
INSERT INTO produto_grade (cod_barra, produto, preco) VALUES ('7890016274815', '12769', 49.0);
INSERT INTO produto_grade (cod_barra, produto, preco) VALUES ('7890016274839', '12769', 49.0);
INSERT INTO produto_grade (cod_barra, produto, preco) VALUES ('7890016274853', '12769', 49.0);
INSERT INTO produto_grade (cod_barra, produto, preco) VALUES ('7890016274914', '12822', 45.0);
INSERT INTO produto_grade (cod_barra, produto, preco) VALUES ('7890016274921', '12822', 45.0);
INSERT INTO produto_grade (cod_barra, produto, preco) VALUES ('7890016274938', '12822', 45.0);
INSERT INTO produto_grade (cod_barra, produto, preco) VALUES ('7890016274952', '12822', 45.0);
INSERT INTO produto_grade (cod_barra, produto, preco) VALUES ('7890016274969', '12822', 45.0);
INSERT INTO produto_grade (cod_barra, produto, preco) VALUES ('7890016274976', '12822', 45.0);
INSERT INTO produto_grade (cod_barra, produto, preco) VALUES ('7890016274990', '12822', 45.0);
INSERT INTO produto_grade (cod_barra, produto, preco) VALUES ('7890016275003', '12822', 45.0);
INSERT INTO produto_grade (cod_barra, produto, preco) VALUES ('7890016275027', '12825', 45.0);
INSERT INTO produto_grade (cod_barra, produto, preco) VALUES ('7890016275034', '12825', 45.0);
INSERT INTO produto_grade (cod_barra, produto, preco) VALUES ('7890016275041', '12825', 45.0);
INSERT INTO produto_grade (cod_barra, produto, preco) VALUES ('7890016275065', '12825', 45.0);
INSERT INTO produto_grade (cod_barra, produto, preco) VALUES ('7890016275072', '12825', 45.0);
INSERT INTO produto_grade (cod_barra, produto, preco) VALUES ('7890016275089', '12825', 45.0);
INSERT INTO produto_grade (cod_barra, produto, preco) VALUES ('7890016276802', '14042', 1.0);
INSERT INTO produto_grade (cod_barra, produto, preco) VALUES ('7890016276819', '14042', 1.0);
INSERT INTO produto_grade (cod_barra, produto, preco) VALUES ('7890016276826', '14042', 1.0);
INSERT INTO produto_grade (cod_barra, produto, preco) VALUES ('7890016276833', '14042', 1.0);
INSERT INTO produto_grade (cod_barra, produto, preco) VALUES ('7890016277618', '12593', 68.0);
INSERT INTO produto_grade (cod_barra, produto, preco) VALUES ('7890016300736', '12825', 45.0);
INSERT INTO produto_grade (cod_barra, produto, preco) VALUES ('7890016300767', '12825', 45.0);
INSERT INTO produto_grade (cod_barra, produto, preco) VALUES ('7890016300774', '12825', 45.0);
INSERT INTO produto_grade (cod_barra, produto, preco) VALUES ('7890016302556', '12769', 49.0);
INSERT INTO produto_grade (cod_barra, produto, preco) VALUES ('7890016302563', '12769', 49.0);
INSERT INTO produto_grade (cod_barra, produto, preco) VALUES ('7890016302570', '12769', 49.0);
INSERT INTO produto_grade (cod_barra, produto, preco) VALUES ('7890016302617', '12822', 45.0);
INSERT INTO produto_grade (cod_barra, produto, preco) VALUES ('7890016306530', '8231', 29.0);
INSERT INTO produto_grade (cod_barra, produto, preco) VALUES ('7890016306547', '8231', 29.0);
INSERT INTO produto_grade (cod_barra, produto, preco) VALUES ('7890016306554', '8231', 29.0);
INSERT INTO produto_grade (cod_barra, produto, preco) VALUES ('7890016307780', '12505', 75.0);
INSERT INTO produto_grade (cod_barra, produto, preco) VALUES ('7890016307797', '12505', 75.0);
INSERT INTO produto_grade (cod_barra, produto, preco) VALUES ('7890016309616', '12594', 55.0);
INSERT INTO produto_grade (cod_barra, produto, preco) VALUES ('7890016309623', '12594', 55.0);
INSERT INTO produto_grade (cod_barra, produto, preco) VALUES ('7890016310919', '13561', 55.0);
INSERT INTO produto_grade (cod_barra, produto, preco) VALUES ('7890016310926', '13561', 55.0);
INSERT INTO produto_grade (cod_barra, produto, preco) VALUES ('7890016310933', '13561', 55.0);
INSERT INTO produto_grade (cod_barra, produto, preco) VALUES ('7890016310940', '13561', 55.0);
INSERT INTO produto_grade (cod_barra, produto, preco) VALUES ('7890016310957', '13561', 55.0);
INSERT INTO produto_grade (cod_barra, produto, preco) VALUES ('7890016310964', '13561', 55.0);
INSERT INTO produto_grade (cod_barra, produto, preco) VALUES ('7890016310971', '13561', 55.0);
INSERT INTO produto_grade (cod_barra, produto, preco) VALUES ('7890016310988', '13561', 55.0);
INSERT INTO produto_grade (cod_barra, produto, preco) VALUES ('7890016318564', '8231', 29.0);
INSERT INTO produto_grade (cod_barra, produto, preco) VALUES ('7890016318571', '8231', 29.0);
INSERT INTO produto_grade (cod_barra, produto, preco) VALUES ('7890016318588', '8231', 29.0);
INSERT INTO produto_grade (cod_barra, produto, preco) VALUES ('7890016320130', '12822', 45.0);
INSERT INTO produto_grade (cod_barra, produto, preco) VALUES ('7890016320147', '12822', 45.0);
INSERT INTO produto_grade (cod_barra, produto, preco) VALUES ('7890016320154', '12822', 45.0);
INSERT INTO produto_grade (cod_barra, produto, preco) VALUES ('7890016325333', '12505', 75.0);
INSERT INTO produto_grade (cod_barra, produto, preco) VALUES ('7890016332621', '12197', 38.0);
INSERT INTO produto_grade (cod_barra, produto, preco) VALUES ('7890016332638', '12197', 38.0);
INSERT INTO produto_grade (cod_barra, produto, preco) VALUES ('7890016332645', '12197', 38.0);
INSERT INTO produto_grade (cod_barra, produto, preco) VALUES ('7890016332652', '12197', 38.0);
INSERT INTO produto_grade (cod_barra, produto, preco) VALUES ('7890016334274', '12268', 78.0);
INSERT INTO produto_grade (cod_barra, produto, preco) VALUES ('7890016345058', '13508', 45.0);
INSERT INTO produto_grade (cod_barra, produto, preco) VALUES ('7890016345065', '13508', 45.0);
INSERT INTO produto_grade (cod_barra, produto, preco) VALUES ('7890016345072', '13508', 45.0);
INSERT INTO produto_grade (cod_barra, produto, preco) VALUES ('7890016349643', '13493', 85.0);
INSERT INTO produto_grade (cod_barra, produto, preco) VALUES ('7890016349650', '13493', 85.0);
INSERT INTO produto_grade (cod_barra, produto, preco) VALUES ('7890016349667', '13493', 85.0);
INSERT INTO produto_grade (cod_barra, produto, preco) VALUES ('7890016349674', '13493', 85.0);
INSERT INTO produto_grade (cod_barra, produto, preco) VALUES ('7890016349896', '13493', 85.0);
INSERT INTO produto_grade (cod_barra, produto, preco) VALUES ('7890016349902', '13493', 85.0);
INSERT INTO produto_grade (cod_barra, produto, preco) VALUES ('7890016349919', '13493', 85.0);
INSERT INTO produto_grade (cod_barra, produto, preco) VALUES ('7890016349926', '13493', 85.0);
INSERT INTO produto_grade (cod_barra, produto, preco) VALUES ('7890016361737', '12197', 38.0);
INSERT INTO produto_grade (cod_barra, produto, preco) VALUES ('7890016361744', '12197', 38.0);
INSERT INTO produto_grade (cod_barra, produto, preco) VALUES ('7890016361751', '12197', 38.0);
INSERT INTO produto_grade (cod_barra, produto, preco) VALUES ('7890016361768', '12197', 38.0);
INSERT INTO produto_grade (cod_barra, produto, preco) VALUES ('7890016374126', '12267', 25.0);
INSERT INTO produto_grade (cod_barra, produto, preco) VALUES ('7890016376991', '12593', 68.0);
INSERT INTO produto_grade (cod_barra, produto, preco) VALUES ('7890016377004', '12593', 68.0);
INSERT INTO produto_grade (cod_barra, produto, preco) VALUES ('7899253110085', '14047', 48.0);
INSERT INTO produto_grade (cod_barra, produto, preco) VALUES ('7899253110122', '14047', 48.0);
INSERT INTO produto_grade (cod_barra, produto, preco) VALUES ('7899253110139', '14047', 48.0);
INSERT INTO produto_grade (cod_barra, produto, preco) VALUES ('7899253110245', '14047', 48.0);
INSERT INTO produto_grade (cod_barra, produto, preco) VALUES ('7899253110252', '14047', 48.0);
INSERT INTO produto_grade (cod_barra, produto, preco) VALUES ('7899253197697', '12067', 68.0);
INSERT INTO produto_grade (cod_barra, produto, preco) VALUES ('7899253197734', '12067', 68.0);
INSERT INTO produto_grade (cod_barra, produto, preco) VALUES ('7899253197741', '12067', 68.0);
INSERT INTO produto_grade (cod_barra, produto, preco) VALUES ('7899253197758', '12067', 68.0);
INSERT INTO produto_grade (cod_barra, produto, preco) VALUES ('7899253197772', '12068', 78.0);
INSERT INTO produto_grade (cod_barra, produto, preco) VALUES ('7899253197789', '12068', 78.0);
INSERT INTO produto_grade (cod_barra, produto, preco) VALUES ('7899253197796', '12068', 78.0);
INSERT INTO produto_grade (cod_barra, produto, preco) VALUES ('7899253197819', '12068', 78.0);
INSERT INTO produto_grade (cod_barra, produto, preco) VALUES ('7899253197826', '12068', 78.0);
INSERT INTO produto_grade (cod_barra, produto, preco) VALUES ('7899253197833', '12068', 78.0);

-- Table: sub_grade
CREATE TABLE IF NOT EXISTS sub_grade (produto_grade TEXT REFERENCES produto_grade (cod_barra) ON DELETE CASCADE, grade INTEGER REFERENCES grade (id), PRIMARY KEY (produto_grade, grade));
INSERT INTO sub_grade (produto_grade, grade) VALUES ('022251', 1);
INSERT INTO sub_grade (produto_grade, grade) VALUES ('022611', 1);
INSERT INTO sub_grade (produto_grade, grade) VALUES ('022811', 1);
INSERT INTO sub_grade (produto_grade, grade) VALUES ('022861', 1);
INSERT INTO sub_grade (produto_grade, grade) VALUES ('023461', 1);
INSERT INTO sub_grade (produto_grade, grade) VALUES ('2000732100137', 1);
INSERT INTO sub_grade (produto_grade, grade) VALUES ('2000772100159', 1);
INSERT INTO sub_grade (produto_grade, grade) VALUES ('2001332100138', 1);
INSERT INTO sub_grade (produto_grade, grade) VALUES ('2001372100150', 1);
INSERT INTO sub_grade (produto_grade, grade) VALUES ('2001532100136', 1);
INSERT INTO sub_grade (produto_grade, grade) VALUES ('2001572100158', 1);
INSERT INTO sub_grade (produto_grade, grade) VALUES ('2031172100159', 1);
INSERT INTO sub_grade (produto_grade, grade) VALUES ('2031572100155', 1);
INSERT INTO sub_grade (produto_grade, grade) VALUES ('2031632100132', 1);
INSERT INTO sub_grade (produto_grade, grade) VALUES ('2032532100130', 1);
INSERT INTO sub_grade (produto_grade, grade) VALUES ('2032572100152', 1);
INSERT INTO sub_grade (produto_grade, grade) VALUES ('7810000058412', 1);
INSERT INTO sub_grade (produto_grade, grade) VALUES ('7810000060170', 1);
INSERT INTO sub_grade (produto_grade, grade) VALUES ('7810000140704', 1);
INSERT INTO sub_grade (produto_grade, grade) VALUES ('7810000140742', 1);
INSERT INTO sub_grade (produto_grade, grade) VALUES ('7810000183008', 1);
INSERT INTO sub_grade (produto_grade, grade) VALUES ('7810000183046', 1);
INSERT INTO sub_grade (produto_grade, grade) VALUES ('7810000183084', 1);
INSERT INTO sub_grade (produto_grade, grade) VALUES ('7810000208954', 1);
INSERT INTO sub_grade (produto_grade, grade) VALUES ('7810000208992', 1);
INSERT INTO sub_grade (produto_grade, grade) VALUES ('7810000210285', 1);
INSERT INTO sub_grade (produto_grade, grade) VALUES ('7810000210339', 1);
INSERT INTO sub_grade (produto_grade, grade) VALUES ('7810000210384', 1);
INSERT INTO sub_grade (produto_grade, grade) VALUES ('7810000220161', 1);
INSERT INTO sub_grade (produto_grade, grade) VALUES ('7810000228693', 1);
INSERT INTO sub_grade (produto_grade, grade) VALUES ('7810000231228', 1);
INSERT INTO sub_grade (produto_grade, grade) VALUES ('7810000269474', 1);
INSERT INTO sub_grade (produto_grade, grade) VALUES ('7810000297972', 1);
INSERT INTO sub_grade (produto_grade, grade) VALUES ('7890016043237', 1);
INSERT INTO sub_grade (produto_grade, grade) VALUES ('7890016043275', 1);
INSERT INTO sub_grade (produto_grade, grade) VALUES ('7890016082663', 1);
INSERT INTO sub_grade (produto_grade, grade) VALUES ('7890016082748', 1);
INSERT INTO sub_grade (produto_grade, grade) VALUES ('7890016082786', 1);
INSERT INTO sub_grade (produto_grade, grade) VALUES ('7890016119673', 1);
INSERT INTO sub_grade (produto_grade, grade) VALUES ('7890016231122', 1);
INSERT INTO sub_grade (produto_grade, grade) VALUES ('7890016250833', 1);
INSERT INTO sub_grade (produto_grade, grade) VALUES ('7890016250918', 1);
INSERT INTO sub_grade (produto_grade, grade) VALUES ('7890016250956', 1);
INSERT INTO sub_grade (produto_grade, grade) VALUES ('7890016254138', 1);
INSERT INTO sub_grade (produto_grade, grade) VALUES ('7890016255906', 1);
INSERT INTO sub_grade (produto_grade, grade) VALUES ('7890016258136', 1);
INSERT INTO sub_grade (produto_grade, grade) VALUES ('7890016258174', 1);
INSERT INTO sub_grade (produto_grade, grade) VALUES ('7890016275065', 1);
INSERT INTO sub_grade (produto_grade, grade) VALUES ('7890016276802', 1);
INSERT INTO sub_grade (produto_grade, grade) VALUES ('7890016310919', 1);
INSERT INTO sub_grade (produto_grade, grade) VALUES ('7890016310957', 1);
INSERT INTO sub_grade (produto_grade, grade) VALUES ('7890016332621', 1);
INSERT INTO sub_grade (produto_grade, grade) VALUES ('7890016345058', 1);
INSERT INTO sub_grade (produto_grade, grade) VALUES ('7890016349643', 1);
INSERT INTO sub_grade (produto_grade, grade) VALUES ('7890016349896', 1);
INSERT INTO sub_grade (produto_grade, grade) VALUES ('7890016361737', 1);
INSERT INTO sub_grade (produto_grade, grade) VALUES ('010002', 2);
INSERT INTO sub_grade (produto_grade, grade) VALUES ('011202', 2);
INSERT INTO sub_grade (produto_grade, grade) VALUES ('011271', 2);
INSERT INTO sub_grade (produto_grade, grade) VALUES ('011282', 2);
INSERT INTO sub_grade (produto_grade, grade) VALUES ('011322', 2);
INSERT INTO sub_grade (produto_grade, grade) VALUES ('011362', 2);
INSERT INTO sub_grade (produto_grade, grade) VALUES ('011372', 2);
INSERT INTO sub_grade (produto_grade, grade) VALUES ('011422', 2);
INSERT INTO sub_grade (produto_grade, grade) VALUES ('011552', 2);
INSERT INTO sub_grade (produto_grade, grade) VALUES ('022312', 2);
INSERT INTO sub_grade (produto_grade, grade) VALUES ('022612', 2);
INSERT INTO sub_grade (produto_grade, grade) VALUES ('022622', 2);
INSERT INTO sub_grade (produto_grade, grade) VALUES ('022712', 2);
INSERT INTO sub_grade (produto_grade, grade) VALUES ('022812', 2);
INSERT INTO sub_grade (produto_grade, grade) VALUES ('023012', 2);
INSERT INTO sub_grade (produto_grade, grade) VALUES ('023122', 2);
INSERT INTO sub_grade (produto_grade, grade) VALUES ('023282', 2);
INSERT INTO sub_grade (produto_grade, grade) VALUES ('023422', 2);
INSERT INTO sub_grade (produto_grade, grade) VALUES ('023462', 2);
INSERT INTO sub_grade (produto_grade, grade) VALUES ('023532', 2);
INSERT INTO sub_grade (produto_grade, grade) VALUES ('023562', 2);
INSERT INTO sub_grade (produto_grade, grade) VALUES ('023712', 2);
INSERT INTO sub_grade (produto_grade, grade) VALUES ('023962', 2);
INSERT INTO sub_grade (produto_grade, grade) VALUES ('024112', 2);
INSERT INTO sub_grade (produto_grade, grade) VALUES ('024142', 2);
INSERT INTO sub_grade (produto_grade, grade) VALUES ('3000212100373', 2);
INSERT INTO sub_grade (produto_grade, grade) VALUES ('3000732100136', 2);
INSERT INTO sub_grade (produto_grade, grade) VALUES ('3000772100158', 2);
INSERT INTO sub_grade (produto_grade, grade) VALUES ('3001332100137', 2);
INSERT INTO sub_grade (produto_grade, grade) VALUES ('3001372100098', 2);
INSERT INTO sub_grade (produto_grade, grade) VALUES ('3001372100159', 2);
INSERT INTO sub_grade (produto_grade, grade) VALUES ('3001532100135', 2);
INSERT INTO sub_grade (produto_grade, grade) VALUES ('3001572100096', 2);
INSERT INTO sub_grade (produto_grade, grade) VALUES ('3001572100157', 2);
INSERT INTO sub_grade (produto_grade, grade) VALUES ('3031132100136', 2);
INSERT INTO sub_grade (produto_grade, grade) VALUES ('3031172100158', 2);
INSERT INTO sub_grade (produto_grade, grade) VALUES ('3031572100154', 2);
INSERT INTO sub_grade (produto_grade, grade) VALUES ('3032532100139', 2);
INSERT INTO sub_grade (produto_grade, grade) VALUES ('3032572100151', 2);
INSERT INTO sub_grade (produto_grade, grade) VALUES ('7810000058429', 2);
INSERT INTO sub_grade (produto_grade, grade) VALUES ('7810000060187', 2);
INSERT INTO sub_grade (produto_grade, grade) VALUES ('7810000088419', 2);
INSERT INTO sub_grade (produto_grade, grade) VALUES ('7810000088457', 2);
INSERT INTO sub_grade (produto_grade, grade) VALUES ('7810000088532', 2);
INSERT INTO sub_grade (produto_grade, grade) VALUES ('7810000091013', 2);
INSERT INTO sub_grade (produto_grade, grade) VALUES ('7810000091051', 2);
INSERT INTO sub_grade (produto_grade, grade) VALUES ('7810000091136', 2);
INSERT INTO sub_grade (produto_grade, grade) VALUES ('7810000140711', 2);
INSERT INTO sub_grade (produto_grade, grade) VALUES ('7810000140759', 2);
INSERT INTO sub_grade (produto_grade, grade) VALUES ('7810000182216', 2);
INSERT INTO sub_grade (produto_grade, grade) VALUES ('7810000182254', 2);
INSERT INTO sub_grade (produto_grade, grade) VALUES ('7810000182292', 2);
INSERT INTO sub_grade (produto_grade, grade) VALUES ('7810000183015', 2);
INSERT INTO sub_grade (produto_grade, grade) VALUES ('7810000183053', 2);
INSERT INTO sub_grade (produto_grade, grade) VALUES ('7810000183091', 2);
INSERT INTO sub_grade (produto_grade, grade) VALUES ('7810000208961', 2);
INSERT INTO sub_grade (produto_grade, grade) VALUES ('7810000209005', 2);
INSERT INTO sub_grade (produto_grade, grade) VALUES ('7810000210292', 2);
INSERT INTO sub_grade (produto_grade, grade) VALUES ('7810000210346', 2);
INSERT INTO sub_grade (produto_grade, grade) VALUES ('7810000210391', 2);
INSERT INTO sub_grade (produto_grade, grade) VALUES ('7810000220178', 2);
INSERT INTO sub_grade (produto_grade, grade) VALUES ('7810000228709', 2);
INSERT INTO sub_grade (produto_grade, grade) VALUES ('7810000231235', 2);
INSERT INTO sub_grade (produto_grade, grade) VALUES ('7810000269481', 2);
INSERT INTO sub_grade (produto_grade, grade) VALUES ('7810000297989', 2);
INSERT INTO sub_grade (produto_grade, grade) VALUES ('7890016002838', 2);
INSERT INTO sub_grade (produto_grade, grade) VALUES ('7890016012981', 2);
INSERT INTO sub_grade (produto_grade, grade) VALUES ('7890016043169', 2);
INSERT INTO sub_grade (produto_grade, grade) VALUES ('7890016043244', 2);
INSERT INTO sub_grade (produto_grade, grade) VALUES ('7890016043282', 2);
INSERT INTO sub_grade (produto_grade, grade) VALUES ('7890016082670', 2);
INSERT INTO sub_grade (produto_grade, grade) VALUES ('7890016082793', 2);
INSERT INTO sub_grade (produto_grade, grade) VALUES ('7890016082809', 2);
INSERT INTO sub_grade (produto_grade, grade) VALUES ('7890016098299', 2);
INSERT INTO sub_grade (produto_grade, grade) VALUES ('7890016098336', 2);
INSERT INTO sub_grade (produto_grade, grade) VALUES ('7890016099647', 2);
INSERT INTO sub_grade (produto_grade, grade) VALUES ('7890016119680', 2);
INSERT INTO sub_grade (produto_grade, grade) VALUES ('7890016136274', 2);
INSERT INTO sub_grade (produto_grade, grade) VALUES ('7890016150096', 2);
INSERT INTO sub_grade (produto_grade, grade) VALUES ('7890016150133', 2);
INSERT INTO sub_grade (produto_grade, grade) VALUES ('7890016152021', 2);
INSERT INTO sub_grade (produto_grade, grade) VALUES ('7890016176935', 2);
INSERT INTO sub_grade (produto_grade, grade) VALUES ('7890016201149', 2);
INSERT INTO sub_grade (produto_grade, grade) VALUES ('7890016201224', 2);
INSERT INTO sub_grade (produto_grade, grade) VALUES ('7890016209541', 2);
INSERT INTO sub_grade (produto_grade, grade) VALUES ('7890016231658', 2);
INSERT INTO sub_grade (produto_grade, grade) VALUES ('7890016250284', 2);
INSERT INTO sub_grade (produto_grade, grade) VALUES ('7890016250840', 2);
INSERT INTO sub_grade (produto_grade, grade) VALUES ('7890016250925', 2);
INSERT INTO sub_grade (produto_grade, grade) VALUES ('7890016250963', 2);
INSERT INTO sub_grade (produto_grade, grade) VALUES ('7890016254145', 2);
INSERT INTO sub_grade (produto_grade, grade) VALUES ('7890016255913', 2);
INSERT INTO sub_grade (produto_grade, grade) VALUES ('7890016256040', 2);
INSERT INTO sub_grade (produto_grade, grade) VALUES ('7890016256460', 2);
INSERT INTO sub_grade (produto_grade, grade) VALUES ('7890016257986', 2);
INSERT INTO sub_grade (produto_grade, grade) VALUES ('7890016258143', 2);
INSERT INTO sub_grade (produto_grade, grade) VALUES ('7890016258181', 2);
INSERT INTO sub_grade (produto_grade, grade) VALUES ('7890016261891', 2);
INSERT INTO sub_grade (produto_grade, grade) VALUES ('7890016265509', 2);
INSERT INTO sub_grade (produto_grade, grade) VALUES ('7890016274792', 2);
INSERT INTO sub_grade (produto_grade, grade) VALUES ('7890016274839', 2);
INSERT INTO sub_grade (produto_grade, grade) VALUES ('7890016274914', 2);
INSERT INTO sub_grade (produto_grade, grade) VALUES ('7890016274952', 2);
INSERT INTO sub_grade (produto_grade, grade) VALUES ('7890016274990', 2);
INSERT INTO sub_grade (produto_grade, grade) VALUES ('7890016275027', 2);
INSERT INTO sub_grade (produto_grade, grade) VALUES ('7890016275034', 2);
INSERT INTO sub_grade (produto_grade, grade) VALUES ('7890016275072', 2);
INSERT INTO sub_grade (produto_grade, grade) VALUES ('7890016276819', 2);
INSERT INTO sub_grade (produto_grade, grade) VALUES ('7890016277618', 2);
INSERT INTO sub_grade (produto_grade, grade) VALUES ('7890016300767', 2);
INSERT INTO sub_grade (produto_grade, grade) VALUES ('7890016302556', 2);
INSERT INTO sub_grade (produto_grade, grade) VALUES ('7890016306530', 2);
INSERT INTO sub_grade (produto_grade, grade) VALUES ('7890016310926', 2);
INSERT INTO sub_grade (produto_grade, grade) VALUES ('7890016310964', 2);
INSERT INTO sub_grade (produto_grade, grade) VALUES ('7890016318564', 2);
INSERT INTO sub_grade (produto_grade, grade) VALUES ('7890016320130', 2);
INSERT INTO sub_grade (produto_grade, grade) VALUES ('7890016332638', 2);
INSERT INTO sub_grade (produto_grade, grade) VALUES ('7890016334274', 2);
INSERT INTO sub_grade (produto_grade, grade) VALUES ('7890016345065', 2);
INSERT INTO sub_grade (produto_grade, grade) VALUES ('7890016349650', 2);
INSERT INTO sub_grade (produto_grade, grade) VALUES ('7890016349902', 2);
INSERT INTO sub_grade (produto_grade, grade) VALUES ('7890016361744', 2);
INSERT INTO sub_grade (produto_grade, grade) VALUES ('7899253110085', 2);
INSERT INTO sub_grade (produto_grade, grade) VALUES ('7899253110122', 2);
INSERT INTO sub_grade (produto_grade, grade) VALUES ('7899253110245', 2);
INSERT INTO sub_grade (produto_grade, grade) VALUES ('7899253197697', 2);
INSERT INTO sub_grade (produto_grade, grade) VALUES ('7899253197734', 2);
INSERT INTO sub_grade (produto_grade, grade) VALUES ('7899253197772', 2);
INSERT INTO sub_grade (produto_grade, grade) VALUES ('7899253197819', 2);
INSERT INTO sub_grade (produto_grade, grade) VALUES ('010003', 3);
INSERT INTO sub_grade (produto_grade, grade) VALUES ('011203', 3);
INSERT INTO sub_grade (produto_grade, grade) VALUES ('011273', 3);
INSERT INTO sub_grade (produto_grade, grade) VALUES ('011283', 3);
INSERT INTO sub_grade (produto_grade, grade) VALUES ('011323', 3);
INSERT INTO sub_grade (produto_grade, grade) VALUES ('011363', 3);
INSERT INTO sub_grade (produto_grade, grade) VALUES ('011373', 3);
INSERT INTO sub_grade (produto_grade, grade) VALUES ('011423', 3);
INSERT INTO sub_grade (produto_grade, grade) VALUES ('011453', 3);
INSERT INTO sub_grade (produto_grade, grade) VALUES ('011553', 3);
INSERT INTO sub_grade (produto_grade, grade) VALUES ('018452', 3);
INSERT INTO sub_grade (produto_grade, grade) VALUES ('022253', 3);
INSERT INTO sub_grade (produto_grade, grade) VALUES ('022613', 3);
INSERT INTO sub_grade (produto_grade, grade) VALUES ('022623', 3);
INSERT INTO sub_grade (produto_grade, grade) VALUES ('022633', 3);
INSERT INTO sub_grade (produto_grade, grade) VALUES ('022713', 3);
INSERT INTO sub_grade (produto_grade, grade) VALUES ('022813', 3);
INSERT INTO sub_grade (produto_grade, grade) VALUES ('023013', 3);
INSERT INTO sub_grade (produto_grade, grade) VALUES ('023123', 3);
INSERT INTO sub_grade (produto_grade, grade) VALUES ('023283', 3);
INSERT INTO sub_grade (produto_grade, grade) VALUES ('023423', 3);
INSERT INTO sub_grade (produto_grade, grade) VALUES ('023463', 3);
INSERT INTO sub_grade (produto_grade, grade) VALUES ('023533', 3);
INSERT INTO sub_grade (produto_grade, grade) VALUES ('023563', 3);
INSERT INTO sub_grade (produto_grade, grade) VALUES ('023713', 3);
INSERT INTO sub_grade (produto_grade, grade) VALUES ('023963', 3);
INSERT INTO sub_grade (produto_grade, grade) VALUES ('024113', 3);
INSERT INTO sub_grade (produto_grade, grade) VALUES ('024143', 3);
INSERT INTO sub_grade (produto_grade, grade) VALUES ('024213', 3);
INSERT INTO sub_grade (produto_grade, grade) VALUES ('4000212100372', 3);
INSERT INTO sub_grade (produto_grade, grade) VALUES ('4000732100135', 3);
INSERT INTO sub_grade (produto_grade, grade) VALUES ('4000772100157', 3);
INSERT INTO sub_grade (produto_grade, grade) VALUES ('4001332100136', 3);
INSERT INTO sub_grade (produto_grade, grade) VALUES ('4001372100097', 3);
INSERT INTO sub_grade (produto_grade, grade) VALUES ('4001372100158', 3);
INSERT INTO sub_grade (produto_grade, grade) VALUES ('4001532100134', 3);
INSERT INTO sub_grade (produto_grade, grade) VALUES ('4001572100095', 3);
INSERT INTO sub_grade (produto_grade, grade) VALUES ('4001572100156', 3);
INSERT INTO sub_grade (produto_grade, grade) VALUES ('4031172100157', 3);
INSERT INTO sub_grade (produto_grade, grade) VALUES ('4031572100153', 3);
INSERT INTO sub_grade (produto_grade, grade) VALUES ('4032532100138', 3);
INSERT INTO sub_grade (produto_grade, grade) VALUES ('4032572100150', 3);
INSERT INTO sub_grade (produto_grade, grade) VALUES ('7810000058436', 3);
INSERT INTO sub_grade (produto_grade, grade) VALUES ('7810000060194', 3);
INSERT INTO sub_grade (produto_grade, grade) VALUES ('7810000063799', 3);
INSERT INTO sub_grade (produto_grade, grade) VALUES ('7810000088426', 3);
INSERT INTO sub_grade (produto_grade, grade) VALUES ('7810000088464', 3);
INSERT INTO sub_grade (produto_grade, grade) VALUES ('7810000088549', 3);
INSERT INTO sub_grade (produto_grade, grade) VALUES ('7810000091020', 3);
INSERT INTO sub_grade (produto_grade, grade) VALUES ('7810000091068', 3);
INSERT INTO sub_grade (produto_grade, grade) VALUES ('7810000091143', 3);
INSERT INTO sub_grade (produto_grade, grade) VALUES ('7810000140728', 3);
INSERT INTO sub_grade (produto_grade, grade) VALUES ('7810000140766', 3);
INSERT INTO sub_grade (produto_grade, grade) VALUES ('7810000182223', 3);
INSERT INTO sub_grade (produto_grade, grade) VALUES ('7810000182261', 3);
INSERT INTO sub_grade (produto_grade, grade) VALUES ('7810000182308', 3);
INSERT INTO sub_grade (produto_grade, grade) VALUES ('7810000183022', 3);
INSERT INTO sub_grade (produto_grade, grade) VALUES ('7810000183060', 3);
INSERT INTO sub_grade (produto_grade, grade) VALUES ('7810000183107', 3);
INSERT INTO sub_grade (produto_grade, grade) VALUES ('7810000208978', 3);
INSERT INTO sub_grade (produto_grade, grade) VALUES ('7810000209012', 3);
INSERT INTO sub_grade (produto_grade, grade) VALUES ('7810000209135', 3);
INSERT INTO sub_grade (produto_grade, grade) VALUES ('7810000210308', 3);
INSERT INTO sub_grade (produto_grade, grade) VALUES ('7810000210353', 3);
INSERT INTO sub_grade (produto_grade, grade) VALUES ('7810000210407', 3);
INSERT INTO sub_grade (produto_grade, grade) VALUES ('7810000220185', 3);
INSERT INTO sub_grade (produto_grade, grade) VALUES ('7810000221878', 3);
INSERT INTO sub_grade (produto_grade, grade) VALUES ('7810000228716', 3);
INSERT INTO sub_grade (produto_grade, grade) VALUES ('7810000231242', 3);
INSERT INTO sub_grade (produto_grade, grade) VALUES ('7810000269498', 3);
INSERT INTO sub_grade (produto_grade, grade) VALUES ('7810000297996', 3);
INSERT INTO sub_grade (produto_grade, grade) VALUES ('7890016002845', 3);
INSERT INTO sub_grade (produto_grade, grade) VALUES ('7890016012998', 3);
INSERT INTO sub_grade (produto_grade, grade) VALUES ('7890016043176', 3);
INSERT INTO sub_grade (produto_grade, grade) VALUES ('7890016043213', 3);
INSERT INTO sub_grade (produto_grade, grade) VALUES ('7890016043251', 3);
INSERT INTO sub_grade (produto_grade, grade) VALUES ('7890016043299', 3);
INSERT INTO sub_grade (produto_grade, grade) VALUES ('7890016098343', 3);
INSERT INTO sub_grade (produto_grade, grade) VALUES ('7890016099654', 3);
INSERT INTO sub_grade (produto_grade, grade) VALUES ('7890016119697', 3);
INSERT INTO sub_grade (produto_grade, grade) VALUES ('7890016146044', 3);
INSERT INTO sub_grade (produto_grade, grade) VALUES ('7890016150140', 3);
INSERT INTO sub_grade (produto_grade, grade) VALUES ('7890016152038', 3);
INSERT INTO sub_grade (produto_grade, grade) VALUES ('7890016176942', 3);
INSERT INTO sub_grade (produto_grade, grade) VALUES ('7890016179486', 3);
INSERT INTO sub_grade (produto_grade, grade) VALUES ('7890016201156', 3);
INSERT INTO sub_grade (produto_grade, grade) VALUES ('7890016201231', 3);
INSERT INTO sub_grade (produto_grade, grade) VALUES ('7890016231665', 3);
INSERT INTO sub_grade (produto_grade, grade) VALUES ('7890016235991', 3);
INSERT INTO sub_grade (produto_grade, grade) VALUES ('7890016236035', 3);
INSERT INTO sub_grade (produto_grade, grade) VALUES ('7890016236073', 3);
INSERT INTO sub_grade (produto_grade, grade) VALUES ('7890016236110', 3);
INSERT INTO sub_grade (produto_grade, grade) VALUES ('7890016250291', 3);
INSERT INTO sub_grade (produto_grade, grade) VALUES ('7890016254152', 3);
INSERT INTO sub_grade (produto_grade, grade) VALUES ('7890016254435', 3);
INSERT INTO sub_grade (produto_grade, grade) VALUES ('7890016255920', 3);
INSERT INTO sub_grade (produto_grade, grade) VALUES ('7890016256477', 3);
INSERT INTO sub_grade (produto_grade, grade) VALUES ('7890016256675', 3);
INSERT INTO sub_grade (produto_grade, grade) VALUES ('7890016257993', 3);
INSERT INTO sub_grade (produto_grade, grade) VALUES ('7890016258150', 3);
INSERT INTO sub_grade (produto_grade, grade) VALUES ('7890016258198', 3);
INSERT INTO sub_grade (produto_grade, grade) VALUES ('7890016261907', 3);
INSERT INTO sub_grade (produto_grade, grade) VALUES ('7890016274808', 3);
INSERT INTO sub_grade (produto_grade, grade) VALUES ('7890016274921', 3);
INSERT INTO sub_grade (produto_grade, grade) VALUES ('7890016274969', 3);
INSERT INTO sub_grade (produto_grade, grade) VALUES ('7890016275003', 3);
INSERT INTO sub_grade (produto_grade, grade) VALUES ('7890016275041', 3);
INSERT INTO sub_grade (produto_grade, grade) VALUES ('7890016275089', 3);
INSERT INTO sub_grade (produto_grade, grade) VALUES ('7890016276826', 3);
INSERT INTO sub_grade (produto_grade, grade) VALUES ('7890016300736', 3);
INSERT INTO sub_grade (produto_grade, grade) VALUES ('7890016300774', 3);
INSERT INTO sub_grade (produto_grade, grade) VALUES ('7890016302563', 3);
INSERT INTO sub_grade (produto_grade, grade) VALUES ('7890016306547', 3);
INSERT INTO sub_grade (produto_grade, grade) VALUES ('7890016307780', 3);
INSERT INTO sub_grade (produto_grade, grade) VALUES ('7890016309616', 3);
INSERT INTO sub_grade (produto_grade, grade) VALUES ('7890016310933', 3);
INSERT INTO sub_grade (produto_grade, grade) VALUES ('7890016310971', 3);
INSERT INTO sub_grade (produto_grade, grade) VALUES ('7890016318571', 3);
INSERT INTO sub_grade (produto_grade, grade) VALUES ('7890016320147', 3);
INSERT INTO sub_grade (produto_grade, grade) VALUES ('7890016325333', 3);
INSERT INTO sub_grade (produto_grade, grade) VALUES ('7890016332645', 3);
INSERT INTO sub_grade (produto_grade, grade) VALUES ('7890016345072', 3);
INSERT INTO sub_grade (produto_grade, grade) VALUES ('7890016349667', 3);
INSERT INTO sub_grade (produto_grade, grade) VALUES ('7890016349919', 3);
INSERT INTO sub_grade (produto_grade, grade) VALUES ('7890016361751', 3);
INSERT INTO sub_grade (produto_grade, grade) VALUES ('7890016374126', 3);
INSERT INTO sub_grade (produto_grade, grade) VALUES ('7890016376991', 3);
INSERT INTO sub_grade (produto_grade, grade) VALUES ('7899253110139', 3);
INSERT INTO sub_grade (produto_grade, grade) VALUES ('7899253110252', 3);
INSERT INTO sub_grade (produto_grade, grade) VALUES ('7899253197741', 3);
INSERT INTO sub_grade (produto_grade, grade) VALUES ('7899253197789', 3);
INSERT INTO sub_grade (produto_grade, grade) VALUES ('7899253197826', 3);
INSERT INTO sub_grade (produto_grade, grade) VALUES ('5000212100371', 4);
INSERT INTO sub_grade (produto_grade, grade) VALUES ('5000732100134', 4);
INSERT INTO sub_grade (produto_grade, grade) VALUES ('5000772100156', 4);
INSERT INTO sub_grade (produto_grade, grade) VALUES ('5001332100135', 4);
INSERT INTO sub_grade (produto_grade, grade) VALUES ('5001372100096', 4);
INSERT INTO sub_grade (produto_grade, grade) VALUES ('5001372100157', 4);
INSERT INTO sub_grade (produto_grade, grade) VALUES ('5001532100133', 4);
INSERT INTO sub_grade (produto_grade, grade) VALUES ('5001572100094', 4);
INSERT INTO sub_grade (produto_grade, grade) VALUES ('5001572100155', 4);
INSERT INTO sub_grade (produto_grade, grade) VALUES ('5031172100156', 4);
INSERT INTO sub_grade (produto_grade, grade) VALUES ('5031572100152', 4);
INSERT INTO sub_grade (produto_grade, grade) VALUES ('5031632100139', 4);
INSERT INTO sub_grade (produto_grade, grade) VALUES ('5032532100137', 4);
INSERT INTO sub_grade (produto_grade, grade) VALUES ('5032572100159', 4);
INSERT INTO sub_grade (produto_grade, grade) VALUES ('7810000088433', 4);
INSERT INTO sub_grade (produto_grade, grade) VALUES ('7810000088471', 4);
INSERT INTO sub_grade (produto_grade, grade) VALUES ('7810000088556', 4);
INSERT INTO sub_grade (produto_grade, grade) VALUES ('7810000091037', 4);
INSERT INTO sub_grade (produto_grade, grade) VALUES ('7810000091075', 4);
INSERT INTO sub_grade (produto_grade, grade) VALUES ('7810000091150', 4);
INSERT INTO sub_grade (produto_grade, grade) VALUES ('7810000182230', 4);
INSERT INTO sub_grade (produto_grade, grade) VALUES ('7810000182278', 4);
INSERT INTO sub_grade (produto_grade, grade) VALUES ('7810000182315', 4);
INSERT INTO sub_grade (produto_grade, grade) VALUES ('7810000183039', 4);
INSERT INTO sub_grade (produto_grade, grade) VALUES ('7810000183077', 4);
INSERT INTO sub_grade (produto_grade, grade) VALUES ('7810000183114', 4);
INSERT INTO sub_grade (produto_grade, grade) VALUES ('7810000208985', 4);
INSERT INTO sub_grade (produto_grade, grade) VALUES ('7810000209029', 4);
INSERT INTO sub_grade (produto_grade, grade) VALUES ('7810000209142', 4);
INSERT INTO sub_grade (produto_grade, grade) VALUES ('7810000210315', 4);
INSERT INTO sub_grade (produto_grade, grade) VALUES ('7810000210360', 4);
INSERT INTO sub_grade (produto_grade, grade) VALUES ('7810000210414', 4);
INSERT INTO sub_grade (produto_grade, grade) VALUES ('7810000220192', 4);
INSERT INTO sub_grade (produto_grade, grade) VALUES ('7810000228723', 4);
INSERT INTO sub_grade (produto_grade, grade) VALUES ('7890016002852', 4);
INSERT INTO sub_grade (produto_grade, grade) VALUES ('7890016013001', 4);
INSERT INTO sub_grade (produto_grade, grade) VALUES ('7890016043183', 4);
INSERT INTO sub_grade (produto_grade, grade) VALUES ('7890016043220', 4);
INSERT INTO sub_grade (produto_grade, grade) VALUES ('7890016043268', 4);
INSERT INTO sub_grade (produto_grade, grade) VALUES ('7890016082816', 4);
INSERT INTO sub_grade (produto_grade, grade) VALUES ('7890016098350', 4);
INSERT INTO sub_grade (produto_grade, grade) VALUES ('7890016099708', 4);
INSERT INTO sub_grade (produto_grade, grade) VALUES ('7890016119703', 4);
INSERT INTO sub_grade (produto_grade, grade) VALUES ('7890016136298', 4);
INSERT INTO sub_grade (produto_grade, grade) VALUES ('7890016150119', 4);
INSERT INTO sub_grade (produto_grade, grade) VALUES ('7890016152045', 4);
INSERT INTO sub_grade (produto_grade, grade) VALUES ('7890016179493', 4);
INSERT INTO sub_grade (produto_grade, grade) VALUES ('7890016201163', 4);
INSERT INTO sub_grade (produto_grade, grade) VALUES ('7890016201248', 4);
INSERT INTO sub_grade (produto_grade, grade) VALUES ('7890016231672', 4);
INSERT INTO sub_grade (produto_grade, grade) VALUES ('7890016236004', 4);
INSERT INTO sub_grade (produto_grade, grade) VALUES ('7890016236042', 4);
INSERT INTO sub_grade (produto_grade, grade) VALUES ('7890016236080', 4);
INSERT INTO sub_grade (produto_grade, grade) VALUES ('7890016236127', 4);
INSERT INTO sub_grade (produto_grade, grade) VALUES ('7890016250307', 4);
INSERT INTO sub_grade (produto_grade, grade) VALUES ('7890016254206', 4);
INSERT INTO sub_grade (produto_grade, grade) VALUES ('7890016254442', 4);
INSERT INTO sub_grade (produto_grade, grade) VALUES ('7890016255937', 4);
INSERT INTO sub_grade (produto_grade, grade) VALUES ('7890016256064', 4);
INSERT INTO sub_grade (produto_grade, grade) VALUES ('7890016256484', 4);
INSERT INTO sub_grade (produto_grade, grade) VALUES ('7890016256682', 4);
INSERT INTO sub_grade (produto_grade, grade) VALUES ('7890016258006', 4);
INSERT INTO sub_grade (produto_grade, grade) VALUES ('7890016258167', 4);
INSERT INTO sub_grade (produto_grade, grade) VALUES ('7890016261914', 4);
INSERT INTO sub_grade (produto_grade, grade) VALUES ('7890016274815', 4);
INSERT INTO sub_grade (produto_grade, grade) VALUES ('7890016274853', 4);
INSERT INTO sub_grade (produto_grade, grade) VALUES ('7890016274938', 4);
INSERT INTO sub_grade (produto_grade, grade) VALUES ('7890016274976', 4);
INSERT INTO sub_grade (produto_grade, grade) VALUES ('7890016276833', 4);
INSERT INTO sub_grade (produto_grade, grade) VALUES ('7890016302570', 4);
INSERT INTO sub_grade (produto_grade, grade) VALUES ('7890016302617', 4);
INSERT INTO sub_grade (produto_grade, grade) VALUES ('7890016306554', 4);
INSERT INTO sub_grade (produto_grade, grade) VALUES ('7890016307797', 4);
INSERT INTO sub_grade (produto_grade, grade) VALUES ('7890016309623', 4);
INSERT INTO sub_grade (produto_grade, grade) VALUES ('7890016310940', 4);
INSERT INTO sub_grade (produto_grade, grade) VALUES ('7890016310988', 4);
INSERT INTO sub_grade (produto_grade, grade) VALUES ('7890016318588', 4);
INSERT INTO sub_grade (produto_grade, grade) VALUES ('7890016320154', 4);
INSERT INTO sub_grade (produto_grade, grade) VALUES ('7890016332652', 4);
INSERT INTO sub_grade (produto_grade, grade) VALUES ('7890016349674', 4);
INSERT INTO sub_grade (produto_grade, grade) VALUES ('7890016349926', 4);
INSERT INTO sub_grade (produto_grade, grade) VALUES ('7890016361768', 4);
INSERT INTO sub_grade (produto_grade, grade) VALUES ('7890016377004', 4);
INSERT INTO sub_grade (produto_grade, grade) VALUES ('7899253197758', 4);
INSERT INTO sub_grade (produto_grade, grade) VALUES ('7899253197796', 4);
INSERT INTO sub_grade (produto_grade, grade) VALUES ('7899253197833', 4);
INSERT INTO sub_grade (produto_grade, grade) VALUES ('7810000269474', 6);
INSERT INTO sub_grade (produto_grade, grade) VALUES ('7810000269481', 6);
INSERT INTO sub_grade (produto_grade, grade) VALUES ('7810000269498', 6);
INSERT INTO sub_grade (produto_grade, grade) VALUES ('7890016250918', 6);
INSERT INTO sub_grade (produto_grade, grade) VALUES ('7890016250925', 6);
INSERT INTO sub_grade (produto_grade, grade) VALUES ('7899253110085', 6);
INSERT INTO sub_grade (produto_grade, grade) VALUES ('2001332100138', 7);
INSERT INTO sub_grade (produto_grade, grade) VALUES ('2001372100150', 7);
INSERT INTO sub_grade (produto_grade, grade) VALUES ('3001332100137', 7);
INSERT INTO sub_grade (produto_grade, grade) VALUES ('3001372100098', 7);
INSERT INTO sub_grade (produto_grade, grade) VALUES ('3001372100159', 7);
INSERT INTO sub_grade (produto_grade, grade) VALUES ('4001332100136', 7);
INSERT INTO sub_grade (produto_grade, grade) VALUES ('4001372100097', 7);
INSERT INTO sub_grade (produto_grade, grade) VALUES ('4001372100158', 7);
INSERT INTO sub_grade (produto_grade, grade) VALUES ('5001332100135', 7);
INSERT INTO sub_grade (produto_grade, grade) VALUES ('5001372100096', 7);
INSERT INTO sub_grade (produto_grade, grade) VALUES ('5001372100157', 7);
INSERT INTO sub_grade (produto_grade, grade) VALUES ('7810000058412', 7);
INSERT INTO sub_grade (produto_grade, grade) VALUES ('7810000058429', 7);
INSERT INTO sub_grade (produto_grade, grade) VALUES ('7810000058436', 7);
INSERT INTO sub_grade (produto_grade, grade) VALUES ('7810000088419', 7);
INSERT INTO sub_grade (produto_grade, grade) VALUES ('7810000088426', 7);
INSERT INTO sub_grade (produto_grade, grade) VALUES ('7810000088433', 7);
INSERT INTO sub_grade (produto_grade, grade) VALUES ('7810000091013', 7);
INSERT INTO sub_grade (produto_grade, grade) VALUES ('7810000091020', 7);
INSERT INTO sub_grade (produto_grade, grade) VALUES ('7810000091037', 7);
INSERT INTO sub_grade (produto_grade, grade) VALUES ('7810000140704', 7);
INSERT INTO sub_grade (produto_grade, grade) VALUES ('7810000140711', 7);
INSERT INTO sub_grade (produto_grade, grade) VALUES ('7810000140728', 7);
INSERT INTO sub_grade (produto_grade, grade) VALUES ('7810000155456', 7);
INSERT INTO sub_grade (produto_grade, grade) VALUES ('7810000155463', 7);
INSERT INTO sub_grade (produto_grade, grade) VALUES ('7810000155470', 7);
INSERT INTO sub_grade (produto_grade, grade) VALUES ('7810000155487', 7);
INSERT INTO sub_grade (produto_grade, grade) VALUES ('7810000182216', 7);
INSERT INTO sub_grade (produto_grade, grade) VALUES ('7810000182223', 7);
INSERT INTO sub_grade (produto_grade, grade) VALUES ('7810000182230', 7);
INSERT INTO sub_grade (produto_grade, grade) VALUES ('7810000183008', 7);
INSERT INTO sub_grade (produto_grade, grade) VALUES ('7810000183015', 7);
INSERT INTO sub_grade (produto_grade, grade) VALUES ('7810000183022', 7);
INSERT INTO sub_grade (produto_grade, grade) VALUES ('7810000183039', 7);
INSERT INTO sub_grade (produto_grade, grade) VALUES ('7810000208954', 7);
INSERT INTO sub_grade (produto_grade, grade) VALUES ('7810000208961', 7);
INSERT INTO sub_grade (produto_grade, grade) VALUES ('7810000208978', 7);
INSERT INTO sub_grade (produto_grade, grade) VALUES ('7810000208985', 7);
INSERT INTO sub_grade (produto_grade, grade) VALUES ('7810000210285', 7);
INSERT INTO sub_grade (produto_grade, grade) VALUES ('7810000210292', 7);
INSERT INTO sub_grade (produto_grade, grade) VALUES ('7810000210308', 7);
INSERT INTO sub_grade (produto_grade, grade) VALUES ('7810000210315', 7);
INSERT INTO sub_grade (produto_grade, grade) VALUES ('7810000237824', 7);
INSERT INTO sub_grade (produto_grade, grade) VALUES ('7810000237831', 7);
INSERT INTO sub_grade (produto_grade, grade) VALUES ('7810000237848', 7);
INSERT INTO sub_grade (produto_grade, grade) VALUES ('7810000237855', 7);
INSERT INTO sub_grade (produto_grade, grade) VALUES ('7810000271835', 7);
INSERT INTO sub_grade (produto_grade, grade) VALUES ('7810000271842', 7);
INSERT INTO sub_grade (produto_grade, grade) VALUES ('7810000271859', 7);
INSERT INTO sub_grade (produto_grade, grade) VALUES ('7810000276397', 7);
INSERT INTO sub_grade (produto_grade, grade) VALUES ('7810000276403', 7);
INSERT INTO sub_grade (produto_grade, grade) VALUES ('7810000276410', 7);
INSERT INTO sub_grade (produto_grade, grade) VALUES ('7890016012981', 7);
INSERT INTO sub_grade (produto_grade, grade) VALUES ('7890016012998', 7);
INSERT INTO sub_grade (produto_grade, grade) VALUES ('7890016013001', 7);
INSERT INTO sub_grade (produto_grade, grade) VALUES ('7890016043213', 7);
INSERT INTO sub_grade (produto_grade, grade) VALUES ('7890016043220', 7);
INSERT INTO sub_grade (produto_grade, grade) VALUES ('7890016043275', 7);
INSERT INTO sub_grade (produto_grade, grade) VALUES ('7890016043282', 7);
INSERT INTO sub_grade (produto_grade, grade) VALUES ('7890016043299', 7);
INSERT INTO sub_grade (produto_grade, grade) VALUES ('7890016082786', 7);
INSERT INTO sub_grade (produto_grade, grade) VALUES ('7890016082793', 7);
INSERT INTO sub_grade (produto_grade, grade) VALUES ('7890016082809', 7);
INSERT INTO sub_grade (produto_grade, grade) VALUES ('7890016082816', 7);
INSERT INTO sub_grade (produto_grade, grade) VALUES ('7890016098299', 7);
INSERT INTO sub_grade (produto_grade, grade) VALUES ('7890016098336', 7);
INSERT INTO sub_grade (produto_grade, grade) VALUES ('7890016098343', 7);
INSERT INTO sub_grade (produto_grade, grade) VALUES ('7890016098350', 7);
INSERT INTO sub_grade (produto_grade, grade) VALUES ('7890016201149', 7);
INSERT INTO sub_grade (produto_grade, grade) VALUES ('7890016201156', 7);
INSERT INTO sub_grade (produto_grade, grade) VALUES ('7890016201163', 7);
INSERT INTO sub_grade (produto_grade, grade) VALUES ('7890016236110', 7);
INSERT INTO sub_grade (produto_grade, grade) VALUES ('7890016236127', 7);
INSERT INTO sub_grade (produto_grade, grade) VALUES ('7890016250284', 7);
INSERT INTO sub_grade (produto_grade, grade) VALUES ('7890016250291', 7);
INSERT INTO sub_grade (produto_grade, grade) VALUES ('7890016250307', 7);
INSERT INTO sub_grade (produto_grade, grade) VALUES ('7890016254138', 7);
INSERT INTO sub_grade (produto_grade, grade) VALUES ('7890016254145', 7);
INSERT INTO sub_grade (produto_grade, grade) VALUES ('7890016254152', 7);
INSERT INTO sub_grade (produto_grade, grade) VALUES ('7890016274839', 7);
INSERT INTO sub_grade (produto_grade, grade) VALUES ('7890016274853', 7);
INSERT INTO sub_grade (produto_grade, grade) VALUES ('7890016274952', 7);
INSERT INTO sub_grade (produto_grade, grade) VALUES ('7890016274969', 7);
INSERT INTO sub_grade (produto_grade, grade) VALUES ('7890016274976', 7);
INSERT INTO sub_grade (produto_grade, grade) VALUES ('7890016275065', 7);
INSERT INTO sub_grade (produto_grade, grade) VALUES ('7890016275072', 7);
INSERT INTO sub_grade (produto_grade, grade) VALUES ('7890016275089', 7);
INSERT INTO sub_grade (produto_grade, grade) VALUES ('7890016276802', 7);
INSERT INTO sub_grade (produto_grade, grade) VALUES ('7890016276819', 7);
INSERT INTO sub_grade (produto_grade, grade) VALUES ('7890016276826', 7);
INSERT INTO sub_grade (produto_grade, grade) VALUES ('7890016276833', 7);
INSERT INTO sub_grade (produto_grade, grade) VALUES ('7890016310957', 7);
INSERT INTO sub_grade (produto_grade, grade) VALUES ('7890016310964', 7);
INSERT INTO sub_grade (produto_grade, grade) VALUES ('7890016310971', 7);
INSERT INTO sub_grade (produto_grade, grade) VALUES ('7890016310988', 7);
INSERT INTO sub_grade (produto_grade, grade) VALUES ('7890016349896', 7);
INSERT INTO sub_grade (produto_grade, grade) VALUES ('7890016349902', 7);
INSERT INTO sub_grade (produto_grade, grade) VALUES ('7890016349919', 7);
INSERT INTO sub_grade (produto_grade, grade) VALUES ('7890016349926', 7);
INSERT INTO sub_grade (produto_grade, grade) VALUES ('7899253110245', 7);
INSERT INTO sub_grade (produto_grade, grade) VALUES ('7899253110252', 7);
INSERT INTO sub_grade (produto_grade, grade) VALUES ('7899253197734', 7);
INSERT INTO sub_grade (produto_grade, grade) VALUES ('7899253197741', 7);
INSERT INTO sub_grade (produto_grade, grade) VALUES ('7899253197758', 7);
INSERT INTO sub_grade (produto_grade, grade) VALUES ('7899253197819', 7);
INSERT INTO sub_grade (produto_grade, grade) VALUES ('7899253197826', 7);
INSERT INTO sub_grade (produto_grade, grade) VALUES ('7899253197833', 7);
INSERT INTO sub_grade (produto_grade, grade) VALUES ('7810000209135', 8);
INSERT INTO sub_grade (produto_grade, grade) VALUES ('7810000209142', 8);
INSERT INTO sub_grade (produto_grade, grade) VALUES ('7810000220161', 8);
INSERT INTO sub_grade (produto_grade, grade) VALUES ('7810000220178', 8);
INSERT INTO sub_grade (produto_grade, grade) VALUES ('7810000220185', 8);
INSERT INTO sub_grade (produto_grade, grade) VALUES ('7810000220192', 8);
INSERT INTO sub_grade (produto_grade, grade) VALUES ('7810000221878', 8);
INSERT INTO sub_grade (produto_grade, grade) VALUES ('7810000228693', 8);
INSERT INTO sub_grade (produto_grade, grade) VALUES ('7810000228709', 8);
INSERT INTO sub_grade (produto_grade, grade) VALUES ('7810000228716', 8);
INSERT INTO sub_grade (produto_grade, grade) VALUES ('7810000228723', 8);
INSERT INTO sub_grade (produto_grade, grade) VALUES ('7810000237077', 8);
INSERT INTO sub_grade (produto_grade, grade) VALUES ('7810000237084', 8);
INSERT INTO sub_grade (produto_grade, grade) VALUES ('7810000237091', 8);
INSERT INTO sub_grade (produto_grade, grade) VALUES ('7810000251158', 8);
INSERT INTO sub_grade (produto_grade, grade) VALUES ('7810000251165', 8);
INSERT INTO sub_grade (produto_grade, grade) VALUES ('7810000251172', 8);
INSERT INTO sub_grade (produto_grade, grade) VALUES ('7810000251189', 8);
INSERT INTO sub_grade (produto_grade, grade) VALUES ('7890016250956', 8);
INSERT INTO sub_grade (produto_grade, grade) VALUES ('7890016250963', 8);
INSERT INTO sub_grade (produto_grade, grade) VALUES ('7890016254435', 8);
INSERT INTO sub_grade (produto_grade, grade) VALUES ('7890016254442', 8);
INSERT INTO sub_grade (produto_grade, grade) VALUES ('7890016255906', 8);
INSERT INTO sub_grade (produto_grade, grade) VALUES ('7890016255913', 8);
INSERT INTO sub_grade (produto_grade, grade) VALUES ('7890016255920', 8);
INSERT INTO sub_grade (produto_grade, grade) VALUES ('7890016255937', 8);
INSERT INTO sub_grade (produto_grade, grade) VALUES ('7890016256040', 8);
INSERT INTO sub_grade (produto_grade, grade) VALUES ('7890016256064', 8);
INSERT INTO sub_grade (produto_grade, grade) VALUES ('7890016256675', 8);
INSERT INTO sub_grade (produto_grade, grade) VALUES ('7890016256682', 8);
INSERT INTO sub_grade (produto_grade, grade) VALUES ('7890016257986', 8);
INSERT INTO sub_grade (produto_grade, grade) VALUES ('7890016257993', 8);
INSERT INTO sub_grade (produto_grade, grade) VALUES ('7890016258006', 8);
INSERT INTO sub_grade (produto_grade, grade) VALUES ('7890016258136', 8);
INSERT INTO sub_grade (produto_grade, grade) VALUES ('7890016258143', 8);
INSERT INTO sub_grade (produto_grade, grade) VALUES ('7890016258150', 8);
INSERT INTO sub_grade (produto_grade, grade) VALUES ('7890016258167', 8);
INSERT INTO sub_grade (produto_grade, grade) VALUES ('7890016261891', 8);
INSERT INTO sub_grade (produto_grade, grade) VALUES ('7890016261907', 8);
INSERT INTO sub_grade (produto_grade, grade) VALUES ('7890016261914', 8);
INSERT INTO sub_grade (produto_grade, grade) VALUES ('7890016265509', 8);
INSERT INTO sub_grade (produto_grade, grade) VALUES ('7890016277618', 8);
INSERT INTO sub_grade (produto_grade, grade) VALUES ('7890016300767', 8);
INSERT INTO sub_grade (produto_grade, grade) VALUES ('7890016300774', 8);
INSERT INTO sub_grade (produto_grade, grade) VALUES ('7890016302556', 8);
INSERT INTO sub_grade (produto_grade, grade) VALUES ('7890016302563', 8);
INSERT INTO sub_grade (produto_grade, grade) VALUES ('7890016302570', 8);
INSERT INTO sub_grade (produto_grade, grade) VALUES ('7890016302617', 8);
INSERT INTO sub_grade (produto_grade, grade) VALUES ('7890016325333', 8);
INSERT INTO sub_grade (produto_grade, grade) VALUES ('7890016332621', 8);
INSERT INTO sub_grade (produto_grade, grade) VALUES ('7890016332638', 8);
INSERT INTO sub_grade (produto_grade, grade) VALUES ('7890016332645', 8);
INSERT INTO sub_grade (produto_grade, grade) VALUES ('7890016332652', 8);
INSERT INTO sub_grade (produto_grade, grade) VALUES ('2031632100132', 10);
INSERT INTO sub_grade (produto_grade, grade) VALUES ('5031632100139', 10);
INSERT INTO sub_grade (produto_grade, grade) VALUES ('2000732100137', 11);
INSERT INTO sub_grade (produto_grade, grade) VALUES ('2000772100159', 11);
INSERT INTO sub_grade (produto_grade, grade) VALUES ('3000732100136', 11);
INSERT INTO sub_grade (produto_grade, grade) VALUES ('3000772100158', 11);
INSERT INTO sub_grade (produto_grade, grade) VALUES ('4000732100135', 11);
INSERT INTO sub_grade (produto_grade, grade) VALUES ('4000772100157', 11);
INSERT INTO sub_grade (produto_grade, grade) VALUES ('5000732100134', 11);
INSERT INTO sub_grade (produto_grade, grade) VALUES ('5000772100156', 11);
INSERT INTO sub_grade (produto_grade, grade) VALUES ('3000212100373', 14);
INSERT INTO sub_grade (produto_grade, grade) VALUES ('4000212100372', 14);
INSERT INTO sub_grade (produto_grade, grade) VALUES ('5000212100371', 14);
INSERT INTO sub_grade (produto_grade, grade) VALUES ('7810000063799', 15);
INSERT INTO sub_grade (produto_grade, grade) VALUES ('7810000088532', 15);
INSERT INTO sub_grade (produto_grade, grade) VALUES ('7810000088549', 15);
INSERT INTO sub_grade (produto_grade, grade) VALUES ('7810000088556', 15);
INSERT INTO sub_grade (produto_grade, grade) VALUES ('7810000091136', 15);
INSERT INTO sub_grade (produto_grade, grade) VALUES ('7810000091143', 15);
INSERT INTO sub_grade (produto_grade, grade) VALUES ('7810000091150', 15);
INSERT INTO sub_grade (produto_grade, grade) VALUES ('7810000155531', 15);
INSERT INTO sub_grade (produto_grade, grade) VALUES ('7810000155548', 15);
INSERT INTO sub_grade (produto_grade, grade) VALUES ('7810000155555', 15);
INSERT INTO sub_grade (produto_grade, grade) VALUES ('7810000155562', 15);
INSERT INTO sub_grade (produto_grade, grade) VALUES ('7810000182292', 15);
INSERT INTO sub_grade (produto_grade, grade) VALUES ('7810000182308', 15);
INSERT INTO sub_grade (produto_grade, grade) VALUES ('7810000182315', 15);
INSERT INTO sub_grade (produto_grade, grade) VALUES ('7810000183084', 15);
INSERT INTO sub_grade (produto_grade, grade) VALUES ('7810000183091', 15);
INSERT INTO sub_grade (produto_grade, grade) VALUES ('7810000183107', 15);
INSERT INTO sub_grade (produto_grade, grade) VALUES ('7810000183114', 15);
INSERT INTO sub_grade (produto_grade, grade) VALUES ('7810000210384', 15);
INSERT INTO sub_grade (produto_grade, grade) VALUES ('7810000210391', 15);
INSERT INTO sub_grade (produto_grade, grade) VALUES ('7810000210407', 15);
INSERT INTO sub_grade (produto_grade, grade) VALUES ('7810000210414', 15);
INSERT INTO sub_grade (produto_grade, grade) VALUES ('7810000237039', 15);
INSERT INTO sub_grade (produto_grade, grade) VALUES ('7810000237046', 15);
INSERT INTO sub_grade (produto_grade, grade) VALUES ('7810000237053', 15);
INSERT INTO sub_grade (produto_grade, grade) VALUES ('7810000271910', 15);
INSERT INTO sub_grade (produto_grade, grade) VALUES ('7810000271927', 15);
INSERT INTO sub_grade (produto_grade, grade) VALUES ('7890016119673', 15);
INSERT INTO sub_grade (produto_grade, grade) VALUES ('7890016119680', 15);
INSERT INTO sub_grade (produto_grade, grade) VALUES ('7890016119697', 15);
INSERT INTO sub_grade (produto_grade, grade) VALUES ('7890016119703', 15);
INSERT INTO sub_grade (produto_grade, grade) VALUES ('7890016235991', 15);
INSERT INTO sub_grade (produto_grade, grade) VALUES ('7890016236004', 15);
INSERT INTO sub_grade (produto_grade, grade) VALUES ('2001532100136', 16);
INSERT INTO sub_grade (produto_grade, grade) VALUES ('2001572100158', 16);
INSERT INTO sub_grade (produto_grade, grade) VALUES ('3001532100135', 16);
INSERT INTO sub_grade (produto_grade, grade) VALUES ('3001572100096', 16);
INSERT INTO sub_grade (produto_grade, grade) VALUES ('3001572100157', 16);
INSERT INTO sub_grade (produto_grade, grade) VALUES ('4001532100134', 16);
INSERT INTO sub_grade (produto_grade, grade) VALUES ('4001572100095', 16);
INSERT INTO sub_grade (produto_grade, grade) VALUES ('4001572100156', 16);
INSERT INTO sub_grade (produto_grade, grade) VALUES ('5001532100133', 16);
INSERT INTO sub_grade (produto_grade, grade) VALUES ('5001572100094', 16);
INSERT INTO sub_grade (produto_grade, grade) VALUES ('5001572100155', 16);
INSERT INTO sub_grade (produto_grade, grade) VALUES ('7810000060170', 16);
INSERT INTO sub_grade (produto_grade, grade) VALUES ('7810000060187', 16);
INSERT INTO sub_grade (produto_grade, grade) VALUES ('7810000060194', 16);
INSERT INTO sub_grade (produto_grade, grade) VALUES ('7810000088457', 16);
INSERT INTO sub_grade (produto_grade, grade) VALUES ('7810000088464', 16);
INSERT INTO sub_grade (produto_grade, grade) VALUES ('7810000088471', 16);
INSERT INTO sub_grade (produto_grade, grade) VALUES ('7810000091051', 16);
INSERT INTO sub_grade (produto_grade, grade) VALUES ('7810000091068', 16);
INSERT INTO sub_grade (produto_grade, grade) VALUES ('7810000091075', 16);
INSERT INTO sub_grade (produto_grade, grade) VALUES ('7810000140742', 16);
INSERT INTO sub_grade (produto_grade, grade) VALUES ('7810000140759', 16);
INSERT INTO sub_grade (produto_grade, grade) VALUES ('7810000140766', 16);
INSERT INTO sub_grade (produto_grade, grade) VALUES ('7810000155494', 16);
INSERT INTO sub_grade (produto_grade, grade) VALUES ('7810000155500', 16);
INSERT INTO sub_grade (produto_grade, grade) VALUES ('7810000155517', 16);
INSERT INTO sub_grade (produto_grade, grade) VALUES ('7810000155524', 16);
INSERT INTO sub_grade (produto_grade, grade) VALUES ('7810000182254', 16);
INSERT INTO sub_grade (produto_grade, grade) VALUES ('7810000182261', 16);
INSERT INTO sub_grade (produto_grade, grade) VALUES ('7810000182278', 16);
INSERT INTO sub_grade (produto_grade, grade) VALUES ('7810000183046', 16);
INSERT INTO sub_grade (produto_grade, grade) VALUES ('7810000183053', 16);
INSERT INTO sub_grade (produto_grade, grade) VALUES ('7810000183060', 16);
INSERT INTO sub_grade (produto_grade, grade) VALUES ('7810000183077', 16);
INSERT INTO sub_grade (produto_grade, grade) VALUES ('7810000208992', 16);
INSERT INTO sub_grade (produto_grade, grade) VALUES ('7810000209005', 16);
INSERT INTO sub_grade (produto_grade, grade) VALUES ('7810000209012', 16);
INSERT INTO sub_grade (produto_grade, grade) VALUES ('7810000209029', 16);
INSERT INTO sub_grade (produto_grade, grade) VALUES ('7810000210339', 16);
INSERT INTO sub_grade (produto_grade, grade) VALUES ('7810000210346', 16);
INSERT INTO sub_grade (produto_grade, grade) VALUES ('7810000210353', 16);
INSERT INTO sub_grade (produto_grade, grade) VALUES ('7810000210360', 16);
INSERT INTO sub_grade (produto_grade, grade) VALUES ('7810000236995', 16);
INSERT INTO sub_grade (produto_grade, grade) VALUES ('7810000237008', 16);
INSERT INTO sub_grade (produto_grade, grade) VALUES ('7810000237015', 16);
INSERT INTO sub_grade (produto_grade, grade) VALUES ('7810000237862', 16);
INSERT INTO sub_grade (produto_grade, grade) VALUES ('7810000237879', 16);
INSERT INTO sub_grade (produto_grade, grade) VALUES ('7810000237886', 16);
INSERT INTO sub_grade (produto_grade, grade) VALUES ('7810000237893', 16);
INSERT INTO sub_grade (produto_grade, grade) VALUES ('7810000271873', 16);
INSERT INTO sub_grade (produto_grade, grade) VALUES ('7810000271880', 16);
INSERT INTO sub_grade (produto_grade, grade) VALUES ('7810000271897', 16);
INSERT INTO sub_grade (produto_grade, grade) VALUES ('7810000276434', 16);
INSERT INTO sub_grade (produto_grade, grade) VALUES ('7810000276441', 16);
INSERT INTO sub_grade (produto_grade, grade) VALUES ('7810000276458', 16);
INSERT INTO sub_grade (produto_grade, grade) VALUES ('7890016002838', 16);
INSERT INTO sub_grade (produto_grade, grade) VALUES ('7890016002845', 16);
INSERT INTO sub_grade (produto_grade, grade) VALUES ('7890016002852', 16);
INSERT INTO sub_grade (produto_grade, grade) VALUES ('7890016043169', 16);
INSERT INTO sub_grade (produto_grade, grade) VALUES ('7890016043176', 16);
INSERT INTO sub_grade (produto_grade, grade) VALUES ('7890016043183', 16);
INSERT INTO sub_grade (produto_grade, grade) VALUES ('7890016043237', 16);
INSERT INTO sub_grade (produto_grade, grade) VALUES ('7890016043244', 16);
INSERT INTO sub_grade (produto_grade, grade) VALUES ('7890016043251', 16);
INSERT INTO sub_grade (produto_grade, grade) VALUES ('7890016043268', 16);
INSERT INTO sub_grade (produto_grade, grade) VALUES ('7890016082663', 16);
INSERT INTO sub_grade (produto_grade, grade) VALUES ('7890016082670', 16);
INSERT INTO sub_grade (produto_grade, grade) VALUES ('7890016082748', 16);
INSERT INTO sub_grade (produto_grade, grade) VALUES ('7890016099647', 16);
INSERT INTO sub_grade (produto_grade, grade) VALUES ('7890016099654', 16);
INSERT INTO sub_grade (produto_grade, grade) VALUES ('7890016099708', 16);
INSERT INTO sub_grade (produto_grade, grade) VALUES ('7890016152021', 16);
INSERT INTO sub_grade (produto_grade, grade) VALUES ('7890016152038', 16);
INSERT INTO sub_grade (produto_grade, grade) VALUES ('7890016152045', 16);
INSERT INTO sub_grade (produto_grade, grade) VALUES ('7890016201224', 16);
INSERT INTO sub_grade (produto_grade, grade) VALUES ('7890016201231', 16);
INSERT INTO sub_grade (produto_grade, grade) VALUES ('7890016201248', 16);
INSERT INTO sub_grade (produto_grade, grade) VALUES ('7890016231658', 16);
INSERT INTO sub_grade (produto_grade, grade) VALUES ('7890016231665', 16);
INSERT INTO sub_grade (produto_grade, grade) VALUES ('7890016231672', 16);
INSERT INTO sub_grade (produto_grade, grade) VALUES ('7890016236073', 16);
INSERT INTO sub_grade (produto_grade, grade) VALUES ('7890016236080', 16);
INSERT INTO sub_grade (produto_grade, grade) VALUES ('7890016250833', 16);
INSERT INTO sub_grade (produto_grade, grade) VALUES ('7890016250840', 16);
INSERT INTO sub_grade (produto_grade, grade) VALUES ('7890016254206', 16);
INSERT INTO sub_grade (produto_grade, grade) VALUES ('7890016256460', 16);
INSERT INTO sub_grade (produto_grade, grade) VALUES ('7890016256477', 16);
INSERT INTO sub_grade (produto_grade, grade) VALUES ('7890016256484', 16);
INSERT INTO sub_grade (produto_grade, grade) VALUES ('7890016274792', 16);
INSERT INTO sub_grade (produto_grade, grade) VALUES ('7890016274808', 16);
INSERT INTO sub_grade (produto_grade, grade) VALUES ('7890016274815', 16);
INSERT INTO sub_grade (produto_grade, grade) VALUES ('7890016274914', 16);
INSERT INTO sub_grade (produto_grade, grade) VALUES ('7890016274921', 16);
INSERT INTO sub_grade (produto_grade, grade) VALUES ('7890016274938', 16);
INSERT INTO sub_grade (produto_grade, grade) VALUES ('7890016275027', 16);
INSERT INTO sub_grade (produto_grade, grade) VALUES ('7890016275034', 16);
INSERT INTO sub_grade (produto_grade, grade) VALUES ('7890016275041', 16);
INSERT INTO sub_grade (produto_grade, grade) VALUES ('7890016310919', 16);
INSERT INTO sub_grade (produto_grade, grade) VALUES ('7890016310926', 16);
INSERT INTO sub_grade (produto_grade, grade) VALUES ('7890016310933', 16);
INSERT INTO sub_grade (produto_grade, grade) VALUES ('7890016310940', 16);
INSERT INTO sub_grade (produto_grade, grade) VALUES ('7890016349643', 16);
INSERT INTO sub_grade (produto_grade, grade) VALUES ('7890016349650', 16);
INSERT INTO sub_grade (produto_grade, grade) VALUES ('7890016349667', 16);
INSERT INTO sub_grade (produto_grade, grade) VALUES ('7890016349674', 16);
INSERT INTO sub_grade (produto_grade, grade) VALUES ('7899253110122', 16);
INSERT INTO sub_grade (produto_grade, grade) VALUES ('7899253110139', 16);
INSERT INTO sub_grade (produto_grade, grade) VALUES ('7899253197697', 16);
INSERT INTO sub_grade (produto_grade, grade) VALUES ('7899253197772', 16);
INSERT INTO sub_grade (produto_grade, grade) VALUES ('7899253197789', 16);
INSERT INTO sub_grade (produto_grade, grade) VALUES ('7899253197796', 16);
INSERT INTO sub_grade (produto_grade, grade) VALUES ('7810000237824', 17);
INSERT INTO sub_grade (produto_grade, grade) VALUES ('7810000237862', 17);
INSERT INTO sub_grade (produto_grade, grade) VALUES ('7810000271835', 17);
INSERT INTO sub_grade (produto_grade, grade) VALUES ('7810000271873', 17);
INSERT INTO sub_grade (produto_grade, grade) VALUES ('7810000271910', 17);
INSERT INTO sub_grade (produto_grade, grade) VALUES ('7810000236995', 18);
INSERT INTO sub_grade (produto_grade, grade) VALUES ('7810000237039', 18);
INSERT INTO sub_grade (produto_grade, grade) VALUES ('7810000237077', 18);
INSERT INTO sub_grade (produto_grade, grade) VALUES ('7810000237831', 18);
INSERT INTO sub_grade (produto_grade, grade) VALUES ('7810000237879', 18);
INSERT INTO sub_grade (produto_grade, grade) VALUES ('7810000271842', 18);
INSERT INTO sub_grade (produto_grade, grade) VALUES ('7810000271880', 18);
INSERT INTO sub_grade (produto_grade, grade) VALUES ('7810000271927', 18);
INSERT INTO sub_grade (produto_grade, grade) VALUES ('7810000276397', 18);
INSERT INTO sub_grade (produto_grade, grade) VALUES ('7810000276434', 18);
INSERT INTO sub_grade (produto_grade, grade) VALUES ('7810000276472', 18);
INSERT INTO sub_grade (produto_grade, grade) VALUES ('7810000237008', 19);
INSERT INTO sub_grade (produto_grade, grade) VALUES ('7810000237046', 19);
INSERT INTO sub_grade (produto_grade, grade) VALUES ('7810000237084', 19);
INSERT INTO sub_grade (produto_grade, grade) VALUES ('7810000237848', 19);
INSERT INTO sub_grade (produto_grade, grade) VALUES ('7810000237886', 19);
INSERT INTO sub_grade (produto_grade, grade) VALUES ('7810000271859', 19);
INSERT INTO sub_grade (produto_grade, grade) VALUES ('7810000271897', 19);
INSERT INTO sub_grade (produto_grade, grade) VALUES ('7810000276403', 19);
INSERT INTO sub_grade (produto_grade, grade) VALUES ('7810000276441', 19);
INSERT INTO sub_grade (produto_grade, grade) VALUES ('7810000276489', 19);
INSERT INTO sub_grade (produto_grade, grade) VALUES ('7810000237015', 20);
INSERT INTO sub_grade (produto_grade, grade) VALUES ('7810000237053', 20);
INSERT INTO sub_grade (produto_grade, grade) VALUES ('7810000237091', 20);
INSERT INTO sub_grade (produto_grade, grade) VALUES ('7810000237855', 20);
INSERT INTO sub_grade (produto_grade, grade) VALUES ('7810000237893', 20);
INSERT INTO sub_grade (produto_grade, grade) VALUES ('7810000276410', 20);
INSERT INTO sub_grade (produto_grade, grade) VALUES ('7810000276458', 20);
INSERT INTO sub_grade (produto_grade, grade) VALUES ('7810000276496', 20);
INSERT INTO sub_grade (produto_grade, grade) VALUES ('7810000155456', 21);
INSERT INTO sub_grade (produto_grade, grade) VALUES ('7810000155494', 21);
INSERT INTO sub_grade (produto_grade, grade) VALUES ('7810000155531', 21);
INSERT INTO sub_grade (produto_grade, grade) VALUES ('7810000251158', 21);
INSERT INTO sub_grade (produto_grade, grade) VALUES ('7810000155463', 22);
INSERT INTO sub_grade (produto_grade, grade) VALUES ('7810000155500', 22);
INSERT INTO sub_grade (produto_grade, grade) VALUES ('7810000155548', 22);
INSERT INTO sub_grade (produto_grade, grade) VALUES ('7810000251165', 22);
INSERT INTO sub_grade (produto_grade, grade) VALUES ('7810000155470', 23);
INSERT INTO sub_grade (produto_grade, grade) VALUES ('7810000155517', 23);
INSERT INTO sub_grade (produto_grade, grade) VALUES ('7810000155555', 23);
INSERT INTO sub_grade (produto_grade, grade) VALUES ('7810000251172', 23);
INSERT INTO sub_grade (produto_grade, grade) VALUES ('7810000155487', 24);
INSERT INTO sub_grade (produto_grade, grade) VALUES ('7810000155524', 24);
INSERT INTO sub_grade (produto_grade, grade) VALUES ('7810000155562', 24);
INSERT INTO sub_grade (produto_grade, grade) VALUES ('7810000251189', 24);
INSERT INTO sub_grade (produto_grade, grade) VALUES ('7810000276472', 25);
INSERT INTO sub_grade (produto_grade, grade) VALUES ('7810000276489', 25);
INSERT INTO sub_grade (produto_grade, grade) VALUES ('7810000276496', 25);
INSERT INTO sub_grade (produto_grade, grade) VALUES ('7890016318564', 25);
INSERT INTO sub_grade (produto_grade, grade) VALUES ('7890016318571', 25);
INSERT INTO sub_grade (produto_grade, grade) VALUES ('7890016318588', 25);
INSERT INTO sub_grade (produto_grade, grade) VALUES ('7890016361737', 25);
INSERT INTO sub_grade (produto_grade, grade) VALUES ('7890016361744', 25);
INSERT INTO sub_grade (produto_grade, grade) VALUES ('7890016361751', 25);
INSERT INTO sub_grade (produto_grade, grade) VALUES ('7890016361768', 25);
INSERT INTO sub_grade (produto_grade, grade) VALUES ('7810000297972', 26);
INSERT INTO sub_grade (produto_grade, grade) VALUES ('7810000297989', 26);
INSERT INTO sub_grade (produto_grade, grade) VALUES ('7810000297996', 26);
INSERT INTO sub_grade (produto_grade, grade) VALUES ('7890016309616', 26);
INSERT INTO sub_grade (produto_grade, grade) VALUES ('7890016309623', 26);
INSERT INTO sub_grade (produto_grade, grade) VALUES ('7890016320130', 26);
INSERT INTO sub_grade (produto_grade, grade) VALUES ('7890016320147', 26);
INSERT INTO sub_grade (produto_grade, grade) VALUES ('7890016320154', 26);
INSERT INTO sub_grade (produto_grade, grade) VALUES ('1210037720003', 27);
INSERT INTO sub_grade (produto_grade, grade) VALUES ('3210013900007', 27);
INSERT INTO sub_grade (produto_grade, grade) VALUES ('7210015550008', 27);
INSERT INTO sub_grade (produto_grade, grade) VALUES ('7210015820002', 27);
INSERT INTO sub_grade (produto_grade, grade) VALUES ('2032532100130', 28);
INSERT INTO sub_grade (produto_grade, grade) VALUES ('2032572100152', 28);
INSERT INTO sub_grade (produto_grade, grade) VALUES ('3032532100139', 28);
INSERT INTO sub_grade (produto_grade, grade) VALUES ('3032572100151', 28);
INSERT INTO sub_grade (produto_grade, grade) VALUES ('4032532100138', 28);
INSERT INTO sub_grade (produto_grade, grade) VALUES ('4032572100150', 28);
INSERT INTO sub_grade (produto_grade, grade) VALUES ('5032532100137', 28);
INSERT INTO sub_grade (produto_grade, grade) VALUES ('5032572100159', 28);
INSERT INTO sub_grade (produto_grade, grade) VALUES ('2031172100159', 29);
INSERT INTO sub_grade (produto_grade, grade) VALUES ('3031132100136', 29);
INSERT INTO sub_grade (produto_grade, grade) VALUES ('3031172100158', 29);
INSERT INTO sub_grade (produto_grade, grade) VALUES ('4031172100157', 29);
INSERT INTO sub_grade (produto_grade, grade) VALUES ('5031172100156', 29);
INSERT INTO sub_grade (produto_grade, grade) VALUES ('2031572100155', 30);
INSERT INTO sub_grade (produto_grade, grade) VALUES ('3031572100154', 30);
INSERT INTO sub_grade (produto_grade, grade) VALUES ('4031572100153', 30);
INSERT INTO sub_grade (produto_grade, grade) VALUES ('5031572100152', 30);
INSERT INTO sub_grade (produto_grade, grade) VALUES ('7890016136274', 31);
INSERT INTO sub_grade (produto_grade, grade) VALUES ('7890016136298', 31);
INSERT INTO sub_grade (produto_grade, grade) VALUES ('7890016146044', 31);
INSERT INTO sub_grade (produto_grade, grade) VALUES ('7890016150096', 31);
INSERT INTO sub_grade (produto_grade, grade) VALUES ('7890016150119', 31);
INSERT INTO sub_grade (produto_grade, grade) VALUES ('7890016150133', 31);
INSERT INTO sub_grade (produto_grade, grade) VALUES ('7890016150140', 31);
INSERT INTO sub_grade (produto_grade, grade) VALUES ('7890016176935', 31);
INSERT INTO sub_grade (produto_grade, grade) VALUES ('7890016176942', 31);
INSERT INTO sub_grade (produto_grade, grade) VALUES ('7890016179486', 31);
INSERT INTO sub_grade (produto_grade, grade) VALUES ('7890016179493', 31);
INSERT INTO sub_grade (produto_grade, grade) VALUES ('7890016209541', 31);
INSERT INTO sub_grade (produto_grade, grade) VALUES ('7890016231122', 31);
INSERT INTO sub_grade (produto_grade, grade) VALUES ('7890016236035', 31);
INSERT INTO sub_grade (produto_grade, grade) VALUES ('7890016236042', 31);
INSERT INTO sub_grade (produto_grade, grade) VALUES ('7890016258174', 31);
INSERT INTO sub_grade (produto_grade, grade) VALUES ('7890016258181', 31);
INSERT INTO sub_grade (produto_grade, grade) VALUES ('7890016258198', 31);
INSERT INTO sub_grade (produto_grade, grade) VALUES ('7890016274990', 31);
INSERT INTO sub_grade (produto_grade, grade) VALUES ('7890016275003', 31);
INSERT INTO sub_grade (produto_grade, grade) VALUES ('7890016300736', 31);
INSERT INTO sub_grade (produto_grade, grade) VALUES ('7890016345058', 31);
INSERT INTO sub_grade (produto_grade, grade) VALUES ('7890016345065', 31);
INSERT INTO sub_grade (produto_grade, grade) VALUES ('7890016345072', 31);
INSERT INTO sub_grade (produto_grade, grade) VALUES ('7890016306530', 32);
INSERT INTO sub_grade (produto_grade, grade) VALUES ('7890016306547', 32);
INSERT INTO sub_grade (produto_grade, grade) VALUES ('7890016306554', 32);
INSERT INTO sub_grade (produto_grade, grade) VALUES ('7890016307780', 32);
INSERT INTO sub_grade (produto_grade, grade) VALUES ('7890016307797', 32);
INSERT INTO sub_grade (produto_grade, grade) VALUES ('7890016334274', 32);
INSERT INTO sub_grade (produto_grade, grade) VALUES ('7890016376991', 32);
INSERT INTO sub_grade (produto_grade, grade) VALUES ('7890016377004', 32);
INSERT INTO sub_grade (produto_grade, grade) VALUES ('7890016374126', 33);

COMMIT TRANSACTION;
PRAGMA foreign_keys = on;
